CostCenter, Parent, Alias: Default, Alias: KOREAN ALIAS, Valid For Consolidations, Data Storage, Two Pass Calculation, Description, Formula, Formula Description, UDA, Smart List, Data Type, Hierarchy Type, Enable for Dynamic Children, Number of Possible Dynamic Children, Access Granted to Member Creator, Allow Upper Level Entity Input, Process Management Enabled, UUID, Data Id, Old Name, Old Unique Name, Plan Type (FinPlan), Aggregation (FinPlan), Data Storage (FinPlan), Formula (FinPlan), Solve Order (FinPlan), Formula Description (FinPlan), Plan Type (FinRPT), Aggregation (FinRPT), Data Storage (FinRPT), Formula (FinRPT), Solve Order (FinRPT), Formula Description (FinRPT), Operation
Total CostCenter,CostCenter,Total CostCenter,,false,dynamic calc,false,,<none>,<none>,,,unspecified,none,,,,false,true,38068daf-70eb-4ec2-bad5-30f508ef82c8,4339762696372591,Total CostCenter,<none>,true,+,dynamic calc,<none>,0,,true,+,dynamic calc,<none>,0,,
CC9999,Total CostCenter,9999-All Departments,,false,dynamic calc,false,,<none>,<none>,,,unspecified,none,,,,false,true,86267971-4d16-4b50-b40d-425caa7281d4,1176869783553559,CC9999,<none>,true,+,dynamic calc,<none>,0,,true,+,dynamic calc,<none>,0,,
CC0000,CC9999,,,false,store,false,,<none>,<none>,,,unspecified,none,,,,false,true,15090140-1e23-48f3-b41b-d3289b47eb63,4138855579011168,CC0000,<none>,true,+,store,<none>,0,,true,+,store,<none>,0,,
CC1000,CC9999,1000-Summary - Hotel Departments,,false,dynamic calc,false,,<none>,<none>,,,unspecified,none,,,,false,true,3f214776-e378-4b28-a2ac-d734df9b5e1d,3544715642946567,CC1000,[CC9999].[CC1000],true,+,dynamic calc,<none>,0,,true,+,dynamic calc,<none>,0,,
CC1100,CC1000,1100-Rooms Departments,,false,dynamic calc,false,,<none>,<none>,,,unspecified,none,,,,false,true,86c7dcdc-d8c7-46d2-a0ad-2c28888684c5,1271235334194424,CC1100,<none>,true,+,dynamic calc,<none>,0,,true,+,dynamic calc,<none>,0,,
CC1110,CC1100,1110-Club Level,,false,store,false,,<none>,<none>,,,unspecified,none,,,,false,true,576faa7f-6b8c-4676-b061-6515e23d6da0,1282188792843018,CC1110,<none>,true,+,store,<none>,0,,true,+,store,<none>,0,,
101110HCL,CC1100,COS 1110-Club Level,,false,store,false,,<none>,<none>,,,unspecified,none,,,,false,true,1ab512cf-cefa-46c2-bb2f-e7fb99aadf2b,942988270650241,101110HCL,[CC1100].[101110HCL],true,+,store,<none>,0,,true,+,store,<none>,0,,
CC1120,CC1100,1120-Rooms,,false,dynamic calc,false,,<none>,<none>,,,unspecified,none,,,,false,true,3f102a26-7878-4f36-93c4-6e01c442edf3,348035842525778,CC1120,<none>,true,+,dynamic calc,<none>,0,,true,+,dynamic calc,<none>,0,,
CC1121,CC1120,1121-Rooms - On Property,,false,store,false,,<none>,<none>,,,unspecified,none,,,,false,true,67edcbce-0807-4b17-b49a-c0674cee836b,2430875931133656,CC1121,<none>,true,+,store,<none>,0,,true,+,store,<none>,0,,
CC1122,CC1120,1122-Rooms - Off Property,,false,store,false,,<none>,<none>,,,unspecified,none,,,,false,true,55936d03-8891-4e7f-a92f-250b4ddcc5c8,616086220850635,CC1122,<none>,true,+,store,<none>,0,,true,+,store,<none>,0,,
CC1123,CC1120,1123-Rooms - Home Office,,false,store,false,,<none>,<none>,,,unspecified,none,,,,false,true,c305db28-9b8b-4fb6-be3b-5d3625e385f9,3043782906105238,CC1123,<none>,true,+,store,<none>,0,,true,+,store,<none>,0,,
101121HRM,CC1120,COS 1121-Rooms - On Property,,false,store,false,,<none>,<none>,,,unspecified,none,,,,false,true,fdafff83-3012-4945-9637-3f261c58db27,1821928967784451,101121HRM,[CC1120].[101121HRM],true,+,store,<none>,0,,true,+,store,<none>,0,,
101122HRM,CC1120,COS 1122-Rooms - Off Property,,false,store,false,,<none>,<none>,,,unspecified,none,,,,false,true,87b5b7d5-de6b-4b30-b623-70255d9d97dd,4151337804648044,101122HRM,[CC1120].[101122HRM],true,+,store,<none>,0,,true,+,store,<none>,0,,
101123HRM,CC1120,COS 1123-Rooms - Home Office,,false,store,false,,<none>,<none>,,,unspecified,none,,,,false,true,bd005ad0-0fd3-4a0e-bb37-f06d86d9a8df,2552141667649502,101123HRM,[CC1120].[101123HRM],true,+,store,<none>,0,,true,+,store,<none>,0,,
CC1130,CC1100,1130-Reservations,,false,dynamic calc,false,,<none>,<none>,,,unspecified,none,,,,false,true,8f79c293-3c02-4432-96d6-a4d2cb9cb33c,4072290164165473,CC1130,<none>,true,+,dynamic calc,<none>,0,,true,+,dynamic calc,<none>,0,,
CC1131,CC1130,1131-Reservations - On Property,,false,store,false,,<none>,<none>,,,unspecified,none,,,,false,true,46585a02-08c7-4bf0-b227-bc411bc6c967,803487450481610,CC1131,<none>,true,+,store,<none>,0,,true,+,store,<none>,0,,
CC1132,CC1130,1132-Reservations - Off Property,,false,store,false,,<none>,<none>,,,unspecified,none,,,,false,true,c3c9cda0-98ae-4bb7-90cb-799c14a24b2b,2543832353229352,CC1132,<none>,true,+,store,<none>,0,,true,+,store,<none>,0,,
CC1133,CC1130,1133-Reservations - Home Office,,false,store,false,,<none>,<none>,,,unspecified,none,,,,false,true,d716f515-2925-476b-846c-3a190327dbe4,4084715861000958,CC1133,<none>,true,+,store,<none>,0,,true,+,store,<none>,0,,
101131HRS,CC1130,COS 1131-Reservations - On Property,,false,store,false,,<none>,<none>,,,unspecified,none,,,,false,true,cef3cc4a-54b5-4256-b3c9-585919cb6334,1487445997801100,101131HRS,[CC1130].[101131HRS],true,+,store,<none>,0,,true,+,store,<none>,0,,
101132HRS,CC1130,COS 1132-Reservations - Off Property,,false,store,false,,<none>,<none>,,,unspecified,none,,,,false,true,c877abf0-afa0-4ab5-b0c6-06a00634920e,4462620356722957,101132HRS,[CC1130].[101132HRS],true,+,store,<none>,0,,true,+,store,<none>,0,,
101133HRS,CC1130,COS 1133-Reservations - Home Office,,false,store,false,,<none>,<none>,,,unspecified,none,,,,false,true,5d6bbdc4-d7ea-4060-8431-e53c771cec38,1316993498366485,101133HRS,[CC1130].[101133HRS],true,+,store,<none>,0,,true,+,store,<none>,0,,
CC2000,CC9999,2000-Summary - F & B Departments,,false,dynamic calc,false,,<none>,<none>,,,unspecified,none,,,,false,true,83c8d626-1b36-4536-92f2-1c4888878876,1771920823042307,CC2000,[CC9999].[CC2000],true,+,dynamic calc,<none>,0,,true,+,dynamic calc,<none>,0,,
CC2100,CC2000,2100-F & B Venues,,false,dynamic calc,false,,<none>,<none>,,,unspecified,none,,,,false,true,4b139293-29b3-4ab7-9c0c-59f86a218e5b,2765129001421905,CC2100,<none>,true,+,dynamic calc,<none>,0,,true,+,dynamic calc,<none>,0,,
CC2110,CC2100,2110-F & B Venues - Outlets,,false,dynamic calc,false,,<none>,<none>,,,unspecified,none,,,,false,true,b6018c98-89ba-42bb-917d-6f429a73f216,3471985788800888,CC2110,<none>,true,+,dynamic calc,<none>,0,,true,+,dynamic calc,<none>,0,,
CC2111,CC2110,2111-Outlet Venue 1,,false,store,false,,<none>,<none>,,,unspecified,none,,,,false,true,2a964a25-5d29-4b2f-bc5c-aa6d17c4fe9a,3559189522040394,CC2111,<none>,true,+,store,<none>,0,,true,+,store,<none>,0,,
CC2112,CC2110,2112-Outlet Venue 2,,false,store,false,,<none>,<none>,,,unspecified,none,,,,false,true,4e9c88a9-b52f-4598-ba43-a476bdc62692,1471486447275978,CC2112,<none>,true,+,store,<none>,0,,true,+,store,<none>,0,,
CC2113,CC2110,2113-Outlet Venue 3,,false,store,false,,<none>,<none>,,,unspecified,none,,,,false,true,48308c6c-4b9a-456a-b743-5af19135adf7,2572994160184783,CC2113,<none>,true,+,store,<none>,0,,true,+,store,<none>,0,,
CC2114,CC2110,2114-Outlet Venue 4,,false,store,false,,<none>,<none>,,,unspecified,none,,,,false,true,28dcf0fb-6dd7-44b6-9e35-fd09db07f2f0,4455530484158067,CC2114,<none>,true,+,store,<none>,0,,true,+,store,<none>,0,,
CC2115,CC2110,2115-Outlet Venue 5,,false,store,false,,<none>,<none>,,,unspecified,none,,,,false,true,45c5b97c-ff30-42d8-a546-19eeec7e672f,4059069332277371,CC2115,<none>,true,+,store,<none>,0,,true,+,store,<none>,0,,
CC2116,CC2110,2116-Outlet Venue 6,,false,store,false,,<none>,<none>,,,unspecified,none,,,,false,true,8d2f8677-30d9-41ea-9e28-eeaf784ea1d8,1414002053435195,CC2116,<none>,true,+,store,<none>,0,,true,+,store,<none>,0,,
102111FOL,CC2110,COS 2111-Outlet Venue 1,,false,store,false,,<none>,<none>,,,unspecified,none,,,,false,true,383fd0b7-9afb-4d73-a87f-bda4adce2651,4329027431779128,102111FOL,[CC2110].[102111FOL],true,+,store,<none>,0,,true,+,store,<none>,0,,
102112FOL,CC2110,COS 2112-Outlet Venue 2,,false,store,false,,<none>,<none>,,,unspecified,none,,,,false,true,21b20629-e4ef-4da5-8c72-769f061598ae,29027368783525,102112FOL,[CC2110].[102112FOL],true,+,store,<none>,0,,true,+,store,<none>,0,,
102113FOL,CC2110,COS 2113-Outlet Venue 3,,false,store,false,,<none>,<none>,,,unspecified,none,,,,false,true,844bdded-d596-4bb6-8168-c533ff8e923d,2819222362998759,102113FOL,[CC2110].[102113FOL],true,+,store,<none>,0,,true,+,store,<none>,0,,
102114FOL,CC2110,COS 2114-Outlet Venue 4,,false,store,false,,<none>,<none>,,,unspecified,none,,,,false,true,ed4d5f54-5828-4214-b7b4-071396ab3793,2504278631533263,102114FOL,[CC2110].[102114FOL],true,+,store,<none>,0,,true,+,store,<none>,0,,
102115FOL,CC2110,COS 2115-Outlet Venue 5,,false,store,false,,<none>,<none>,,,unspecified,none,,,,false,true,3092acfc-cbca-4d9b-bf99-975bf4a3aa19,1302759640876877,102115FOL,[CC2110].[102115FOL],true,+,store,<none>,0,,true,+,store,<none>,0,,
102116FOL,CC2110,COS 2116-Outlet Venue 6,,false,store,false,,<none>,<none>,,,unspecified,none,,,,false,true,08f21455-e699-42cc-9e94-794bce257446,2772828648521785,102116FOL,[CC2110].[102116FOL],true,+,store,<none>,0,,true,+,store,<none>,0,,
CC2120,CC2100,2120-F & B Venues - Bars,,false,dynamic calc,false,,<none>,<none>,,,unspecified,none,,,,false,true,9e871e68-4476-4a51-b5a9-c02dfdbae846,3840814551613885,CC2120,<none>,true,+,dynamic calc,<none>,0,,true,+,dynamic calc,<none>,0,,
CC2121,CC2120,2121-Bar Venue 1,,false,store,false,,<none>,<none>,,,unspecified,none,,,,false,true,b051154e-982d-40bb-bca4-cc0b202ee488,2219531063150136,CC2121,<none>,true,+,store,<none>,0,,true,+,store,<none>,0,,
CC2122,CC2120,2122-Bar Venue 2,,false,store,false,,<none>,<none>,,,unspecified,none,,,,false,true,abc0f074-233f-4355-9772-b0404975476f,2864016427011255,CC2122,<none>,true,+,store,<none>,0,,true,+,store,<none>,0,,
CC2123,CC2120,2123-Bar Venue 3,,false,store,false,,<none>,<none>,,,unspecified,none,,,,false,true,07799fc5-b2df-454b-96eb-c3aa44a802bb,1141869180505548,CC2123,<none>,true,+,store,<none>,0,,true,+,store,<none>,0,,
CC2124,CC2120,2124-Bar Venue 4,,false,store,false,,<none>,<none>,,,unspecified,none,,,,false,true,d489a0a4-c5a3-424d-b719-d590e34d3654,2874594745732167,CC2124,<none>,true,+,store,<none>,0,,true,+,store,<none>,0,,
CC2125,CC2120,2125-Bar Venue 5,,false,store,false,,<none>,<none>,,,unspecified,none,,,,false,true,a4b703e1-8ad0-4597-b13c-77f2b84318bb,2046852894575418,CC2125,<none>,true,+,store,<none>,0,,true,+,store,<none>,0,,
CC2126,CC2120,2126-Bar Venue 6,,false,store,false,,<none>,<none>,,,unspecified,none,,,,false,true,d04a4506-9b30-403f-93e8-924ec94adf2c,514443561880317,CC2126,<none>,true,+,store,<none>,0,,true,+,store,<none>,0,,
102121FNB,CC2120,COS 2121-Bar Venue 1,,false,store,false,,<none>,<none>,,,unspecified,none,,,,false,true,2e3fddff-22f0-4a78-b31b-97ae4f365dcb,4453827208626456,102121FNB,[CC2120].[102121FNB],true,+,store,<none>,0,,true,+,store,<none>,0,,
102122FBV,CC2120,COS 2122-Bar Venue 2,,false,store,false,,<none>,<none>,,,unspecified,none,,,,false,true,aaaaadfb-6874-4d9c-b9a1-fb9e61ace781,2043743910841279,102122FBV,[CC2120].[102122FBV],true,+,store,<none>,0,,true,+,store,<none>,0,,
102123FBV,CC2120,COS 2123-Bar Venue 3,,false,store,false,,<none>,<none>,,,unspecified,none,,,,false,true,6c8dd832-0038-4b11-bd2c-27a3b31c4779,26834096375072,102123FBV,[CC2120].[102123FBV],true,+,store,<none>,0,,true,+,store,<none>,0,,
102124FBV,CC2120,COS 2124-Bar Venue 4,,false,store,false,,<none>,<none>,,,unspecified,none,,,,false,true,618a3ab7-4c05-4707-bf1b-ebaea4b64c75,1462742550006025,102124FBV,[CC2120].[102124FBV],true,+,store,<none>,0,,true,+,store,<none>,0,,
102125FBV,CC2120,COS 2125-Bar Venue 5,,false,store,false,,<none>,<none>,,,unspecified,none,,,,false,true,831090e4-9481-483a-9cf1-922828ed89e2,3968294626084117,102125FBV,[CC2120].[102125FBV],true,+,store,<none>,0,,true,+,store,<none>,0,,
102126FBV,CC2120,COS 2126-Bar Venue 6,,false,store,false,,<none>,<none>,,,unspecified,none,,,,false,true,5fd75340-a8f8-4494-9d11-913bb51f0af1,2384830995972438,102126FBV,[CC2120].[102126FBV],true,+,store,<none>,0,,true,+,store,<none>,0,,
CC2200,CC2000,2200-In-Room Dining,,false,dynamic calc,false,,<none>,<none>,,,unspecified,none,,,,false,true,28fe6cb0-a1d5-4ca7-a4e8-40e768efea00,1173904378839835,CC2200,<none>,true,+,dynamic calc,<none>,0,,true,+,dynamic calc,<none>,0,,
CC2210,CC2200,CC2210 - In Room Dining,,false,store,false,,<none>,<none>,,,unspecified,none,,,,false,true,68e4f4f8-3779-4e52-b8c8-90c0f81d439e,1390159962000298,CC2210,<none>,true,+,store,<none>,0,,true,+,store,<none>,0,,
102210IRD,CC2200,COS In-Room Dining,,false,store,false,,<none>,<none>,,,unspecified,none,,,,false,true,f5c7c188-9998-4394-8d8c-2f41773eb8c8,2668868179414256,102210IRD,[CC2200].[102210IRD],true,+,store,<none>,0,,true,+,store,<none>,0,,
CC2300,CC2000,2300-Banquets Catering & Conference Services,,false,dynamic calc,false,,<none>,<none>,,,unspecified,none,,,,false,true,490cfed9-8d71-48c0-a8a2-bb9145c8d358,4324962513273759,CC2300,<none>,true,+,dynamic calc,<none>,0,,true,+,dynamic calc,<none>,0,,
CC2301,CC2300,,,false,store,false,,<none>,<none>,,,unspecified,none,,,,false,true,de074df9-140c-4d38-983e-494a889b9934,3109217808433199,CC2301,<none>,true,+,store,<none>,0,,true,+,store,<none>,0,,
CC2302,CC2300,,,false,store,false,,<none>,<none>,,,unspecified,none,,,,false,true,a3d47fa4-73c9-4936-8882-e6bac68fbe33,2632369171743320,CC2302,<none>,true,+,store,<none>,0,,true,+,store,<none>,0,,
CC2303,CC2300,,,false,store,false,,<none>,<none>,,,unspecified,none,,,,false,true,7f375e10-fe63-4e69-bd8e-005631447959,4168963903147136,CC2303,<none>,true,+,store,<none>,0,,true,+,store,<none>,0,,
CC2310,CC2300,2310-Banquets Catering & CS,,false,store,false,,<none>,<none>,,,unspecified,none,,,,false,true,d4ccd643-5265-4cfb-adef-ba621cf1d54b,191012489875082,CC2310,<none>,true,+,store,<none>,0,,true,+,store,<none>,0,,
CC2320,CC2300,2320-Banquet Sales (Group),,false,store,false,,<none>,<none>,,,unspecified,none,,,,false,true,616b94bd-be8e-4edd-9ddf-44757573059e,1444379239663263,CC2320,<none>,true,+,store,<none>,0,,true,+,store,<none>,0,,
CC2330,CC2300,2330-Catering Sales (Local),,false,store,false,,<none>,<none>,,,unspecified,none,,,,false,true,74c20abf-2484-4b30-a529-4459f5a0e706,4053326947041650,CC2330,<none>,true,+,store,<none>,0,,true,+,store,<none>,0,,
102301BCS,CC2300,COS Banquets Catering & CS,,false,store,false,,<none>,<none>,,,unspecified,none,,,,false,true,579563dc-c2b3-4ead-940f-90dadbf1ea18,2826554405177954,102301BCS,[CC2300].[102301BCS],true,+,store,<none>,0,,true,+,store,<none>,0,,
102302BSG,CC2300,COS Banquet Sales (Group),,false,store,false,,<none>,<none>,,,unspecified,none,,,,false,true,60039bd3-0557-47d7-9c38-591ba4371148,3784200422771091,102302BSG,[CC2300].[102302BSG],true,+,store,<none>,0,,true,+,store,<none>,0,,
102303CSL,CC2300,COS Catering Sales (Local),,false,store,false,,<none>,<none>,,,unspecified,none,,,,false,true,6375ea82-f55c-443a-b018-5ddd22786258,4122853875401312,102303CSL,[CC2300].[102303CSL],true,+,store,<none>,0,,true,+,store,<none>,0,,
102310FBC,CC2300,COS 2310-Banquets Catering & CS,,false,store,false,,<none>,<none>,,,unspecified,none,,,,false,true,dd6da6f3-2318-4a91-a928-8be52acb37e3,2362345779252706,102310FBC,[CC2300].[102310FBC],true,+,store,<none>,0,,true,+,store,<none>,0,,
102320FBS,CC2300,COS 2320-Banquet Sales (Group),,false,store,false,,<none>,<none>,,,unspecified,none,,,,false,true,2d387231-fad2-49cc-9dc0-436dfca2b335,3865464602051814,102320FBS,[CC2300].[102320FBS],true,+,store,<none>,0,,true,+,store,<none>,0,,
102330FCS,CC2300,COS 2330-Catering Sales (Local),,false,store,false,,<none>,<none>,,,unspecified,none,,,,false,true,8211ad3c-1af5-494d-ae6a-08a662f0978f,1378615400218852,102330FCS,[CC2300].[102330FCS],true,+,store,<none>,0,,true,+,store,<none>,0,,
CC2400,CC2000,2400-Mini Bar,,false,dynamic calc,false,,<none>,<none>,,,unspecified,none,,,,false,true,dc4f8b24-0187-45f4-8243-61486ffdf6e9,1996374249718045,CC2400,[CC2000].[CC2400],true,+,dynamic calc,<none>,0,,true,+,dynamic calc,<none>,0,,
CC2410,CC2400,,,false,store,false,,<none>,<none>,,,unspecified,none,,,,false,true,dbc53557-d827-49bf-aa57-f0c8c3fcea6a,461150143005336,CC2410,<none>,true,+,store,<none>,0,,true,+,store,<none>,0,,
102410MNB,CC2400,COS Mini Bar,,false,store,false,,<none>,<none>,,,unspecified,none,,,,false,true,3a6acd5e-8d43-4fbd-bd70-1092717ab435,1222918366644111,102410MNB,[CC2400].[102410MNB],true,+,store,<none>,0,,true,+,store,<none>,0,,
CC2500,CC2000,2500-Other F & B Departments,,false,dynamic calc,false,,<none>,<none>,,,unspecified,none,,,,false,true,fbc9e28a-7e33-4031-a75f-fc848cd169d3,3930514135466012,CC2500,<none>,true,+,dynamic calc,<none>,0,,true,+,dynamic calc,<none>,0,,
CC2510,CC2500,2510-Bodega,,false,store,false,,<none>,<none>,,,unspecified,none,,,,false,true,d0193019-ff25-4d6a-9420-a2b8711dacc1,1650768819604779,CC2510,<none>,true,+,store,<none>,0,,true,+,store,<none>,0,,
CC2520,CC2500,2520-Grab And Go,,false,store,false,,<none>,<none>,,,unspecified,none,,,,false,true,3b36305e-6db7-4a5f-b1fa-adda6e2fa92f,865028023272760,CC2520,<none>,true,+,store,<none>,0,,true,+,store,<none>,0,,
102510FBD,CC2500,COS 2510-Bodega,,false,store,false,,<none>,<none>,,,unspecified,none,,,,false,true,86602f1d-769d-4cc7-b697-06c9df456e6a,2231089342466111,102510FBD,[CC2500].[102510FBD],true,+,store,<none>,0,,true,+,store,<none>,0,,
102520FGG,CC2500,COS 2520-Grab And Go,,false,store,false,,<none>,<none>,,,unspecified,none,,,,false,true,db3d3e89-1617-4b56-a9ef-831a217e68d5,3813918346200709,102520FGG,[CC2500].[102520FGG],true,+,store,<none>,0,,true,+,store,<none>,0,,
CC3000,CC9999,3000-Summary - Other Operated Departments,,false,dynamic calc,false,,<none>,<none>,,,unspecified,none,,,,false,true,16ae8667-9d04-423b-a6f7-64a536fb5f09,2708604293432023,CC3000,<none>,true,+,dynamic calc,<none>,0,,true,+,dynamic calc,<none>,0,,
CC3100,CC3000,3100-Other Operated Departments - Hotel,,false,dynamic calc,false,,<none>,<none>,,,unspecified,none,,,,false,true,e0bc8249-bdff-40a7-8f77-919a6bfecac7,1662492593639392,CC3100,[CC3000].[CC3100],true,+,dynamic calc,<none>,0,,true,+,dynamic calc,<none>,0,,
CC3110,CC3100,3110-Golf Course & Pro Shop,,false,store,false,,<none>,<none>,,,unspecified,none,,,,false,true,62b1390c-1e09-451d-a72b-1a7c64d50a66,1977704714814355,CC3110,<none>,true,+,store,<none>,0,,true,+,store,<none>,0,,
CC3120,CC3100,3120-Health Club & Spa,,false,store,false,,<none>,<none>,,,unspecified,none,,,,false,true,25e12cf5-0de9-4d9e-afb8-7d5104c946ee,913792577719724,CC3120,<none>,true,+,store,<none>,0,,true,+,store,<none>,0,,
CC3130,CC3100,3130-Parking,,false,store,false,,<none>,<none>,,,unspecified,none,,,,false,true,1f16a174-d6d2-40c3-957f-d3f46de5974b,3965277812510092,CC3130,<none>,true,+,store,<none>,0,,true,+,store,<none>,0,,
CC3140,CC3100,3140-Transportation,,false,store,false,,<none>,<none>,,,unspecified,none,,,,false,true,bc325d79-ae55-4322-9e12-18669e44bd05,2224178068997675,CC3140,<none>,true,+,store,<none>,0,,true,+,store,<none>,0,,
CC3150,CC3100,3150-Laundry,,false,store,false,,<none>,<none>,,,unspecified,none,,,,false,true,ae03adc5-e2fa-4260-9253-f8ffc9911b8b,30637276481798,CC3150,<none>,true,+,store,<none>,0,,true,+,store,<none>,0,,
CC3160,CC3100,3160-Other Recreation,,false,store,false,,<none>,<none>,,,unspecified,none,,,,false,true,52db83ae-9246-434e-801d-afb78173d90c,1181628919333666,CC3160,<none>,true,+,store,<none>,0,,true,+,store,<none>,0,,
CC3170,CC3100,3170-Business Center,,false,store,false,,<none>,<none>,,,unspecified,none,,,,false,true,ce11e3d1-05e9-446d-90da-936b95320dc9,522660198435858,CC3170,<none>,true,+,store,<none>,0,,true,+,store,<none>,0,,
CC3180,CC3100,3180-Retail Shop - Hotel,,false,store,false,,<none>,<none>,,,unspecified,none,,,,false,true,1e82b46b-b8e8-4051-aed5-5e755385ee70,2142712038311255,CC3180,<none>,true,+,store,<none>,0,,true,+,store,<none>,0,,
CC3190,CC3100,3190-Minor Operated Departments,,false,store,false,,<none>,<none>,,,unspecified,none,,,,false,true,6c8e7411-ed9f-45b7-b619-2cf0018a172e,137359393571390,CC3190,<none>,true,+,store,<none>,0,,true,+,store,<none>,0,,
103110OGF,CC3100,COS 3110-Golf Course & Pro Shop,,false,store,false,,<none>,<none>,,,unspecified,none,,,,false,true,f44b9d4a-e8e8-4e5b-a14c-60b772ebc21c,976235265018487,103110OGF,[CC3100].[103110OGF],true,+,store,<none>,0,,true,+,store,<none>,0,,
103120OHS,CC3100,COS 3120-Health Club & Spa,,false,store,false,,<none>,<none>,,,unspecified,none,,,,false,true,f94e617c-b64a-42a7-9d87-879dbd458351,3476059835747775,103120OHS,[CC3100].[103120OHS],true,+,store,<none>,0,,true,+,store,<none>,0,,
103130OPK,CC3100,COS 3130-Parking,,false,store,false,,<none>,<none>,,,unspecified,none,,,,false,true,955503f7-9862-49e0-93e5-b9e8f921047a,4472892979562025,103130OPK,[CC3100].[103130OPK],true,+,store,<none>,0,,true,+,store,<none>,0,,
103140OTR,CC3100,COS 3140-Transportation,,false,store,false,,<none>,<none>,,,unspecified,none,,,,false,true,db19d5ab-c70e-4321-aed0-db2d4bf7741a,4352250129631215,103140OTR,[CC3100].[103140OTR],true,+,store,<none>,0,,true,+,store,<none>,0,,
103150OLD,CC3100,COS 3150-Laundry,,false,store,false,,<none>,<none>,,,unspecified,none,,,,false,true,c516145e-a4d6-4ce9-b842-9951b781c514,500390722486613,103150OLD,[CC3100].[103150OLD],true,+,store,<none>,0,,true,+,store,<none>,0,,
103160OOR,CC3100,COS 3160-Other Recreation,,false,store,false,,<none>,<none>,,,unspecified,none,,,,false,true,36352a53-d16e-4ce9-8ffd-340f78a85b55,1387274735798239,103160OOR,[CC3100].[103160OOR],true,+,store,<none>,0,,true,+,store,<none>,0,,
103170OBC,CC3100,COS 3170-Business Center,,false,store,false,,<none>,<none>,,,unspecified,none,,,,false,true,062a3086-2e1e-454c-83cc-18e11a67cdc1,1537608500858029,103170OBC,[CC3100].[103170OBC],true,+,store,<none>,0,,true,+,store,<none>,0,,
103180ORH,CC3100,COS 3180-Retail Shop - Hotel,,false,store,false,,<none>,<none>,,,unspecified,none,,,,false,true,5616ce14-eeaa-4528-9d1b-401859858a93,2083743226744431,103180ORH,[CC3100].[103180ORH],true,+,store,<none>,0,,true,+,store,<none>,0,,
103190OOD,CC3100,COS 3190-Minor Operated Departments,,false,store,false,,<none>,<none>,,,unspecified,none,,,,false,true,cde10782-aa2a-4d3c-938d-27e3dff78107,955886112163994,103190OOD,[CC3100].[103190OOD],true,+,store,<none>,0,,true,+,store,<none>,0,,
CC3200,CC3000,3200-Other Operated Departments - F & B,,false,dynamic calc,false,,<none>,<none>,,,unspecified,none,,,,false,true,5521d99a-efbb-4a0b-8b5e-6aef03fc3d2b,3549312848644500,CC3200,[CC3000].[CC3200],true,+,dynamic calc,<none>,0,,true,+,dynamic calc,<none>,0,,
CC3210,CC3200,3210-Retail Shop - Food & Beverage,,false,store,false,,<none>,<none>,,,unspecified,none,,,,false,true,e6f2ca29-9e58-494e-9220-15af0c7bd5e8,338933761919613,CC3210,<none>,true,+,store,<none>,0,,true,+,store,<none>,0,,
CC3280,CC3200,3280-Retail Shop - Food & Beverage,,false,store,false,,<none>,<none>,,,unspecified,none,,,,false,true,fc9343a2-81ad-4b58-a275-b640f2e48760,2424002664482734,CC3280,<none>,true,+,store,<none>,0,,true,+,store,<none>,0,,
103210ORF,CC3200,COS 3210-Retail Shop - Food & Beverage,,false,store,false,,<none>,<none>,,,unspecified,none,,,,false,true,18b73779-c1e5-4515-8c58-e71eae1c7b7e,1977192062275259,103210ORF,[CC3200].[103210ORF],true,+,store,<none>,0,,true,+,store,<none>,0,,
CC4000,CC9999,4000-Summary - Miscellaneous Income,,false,dynamic calc,false,,<none>,<none>,,,unspecified,none,,,,false,true,87c2b9a8-e7f1-46c6-958c-ab7d3a6c79b8,477840506702442,CC4000,<none>,true,+,dynamic calc,<none>,0,,true,+,dynamic calc,<none>,0,,
CC4010,CC4000,,,false,store,false,,<none>,<none>,,,unspecified,none,,,,false,true,e99e9145-1394-428a-8028-633ebda0404a,1994535636782538,CC4010,[CC4000].[CC4010],true,+,store,<none>,0,,true,+,store,<none>,0,,
CC4020,CC4000,,,false,store,false,,<none>,<none>,,,unspecified,none,,,,false,true,f2ff6abd-75d3-462a-8722-35c8e43161bf,469644677628890,CC4020,[CC4000].[CC4020],true,+,store,<none>,0,,true,+,store,<none>,0,,
CC4100,CC4000,4100-Miscellaneous Income - Hotel,,false,store,false,,<none>,<none>,,,unspecified,none,,,,false,true,536f18f2-33e9-4ebc-a472-5ea308ee0d61,2276886888401997,CC4100,[CC4000].[CC4100],true,+,store,<none>,0,,true,+,store,<none>,0,,
CC4200,CC4000,4200-Miscellaneous Income - F &B,,false,store,false,,<none>,<none>,,,unspecified,none,,,,false,true,ff105eeb-7379-45d9-90c1-027003f1bcf3,2625773672743339,CC4200,[CC4000].[CC4200],true,+,store,<none>,0,,true,+,store,<none>,0,,
104010MIH,CC4000,COS Miscellaneous Income - Hotel,,false,store,false,,<none>,<none>,,,unspecified,none,,,,false,true,b1eb04d0-5b30-4328-b38d-207d1940fdc9,3563778497855547,104010MIH,[CC4000].[104010MIH],true,+,store,<none>,0,,true,+,store,<none>,0,,
104020MIF,CC4000,COS Miscellaneous Income - F &B,,false,store,false,,<none>,<none>,,,unspecified,none,,,,false,true,d152901f-ec3a-4490-a791-bbd11dd1344a,782762057288089,104020MIF,[CC4000].[104020MIF],true,+,store,<none>,0,,true,+,store,<none>,0,,
104100MIH,CC4000,COS 4100-Miscellaneous Income - Hotel,,false,store,false,,<none>,<none>,,,unspecified,none,,,,false,true,68b8aaba-ab33-40ff-a11d-9c5dd90bae8b,1077218885519640,104100MIH,[CC4000].[104100MIH],true,+,store,<none>,0,,true,+,store,<none>,0,,
104200MIF,CC4000,COS 4200-Miscellaneous Income - F &B,,false,store,false,,<none>,<none>,,,unspecified,none,,,,false,true,2ead83a2-f677-4068-92c5-dda3753effce,669737950858296,104200MIF,[CC4000].[104200MIF],true,+,store,<none>,0,,true,+,store,<none>,0,,
CC5000,CC9999,5000-Summary - Undistributed Departments,,false,dynamic calc,false,,<none>,<none>,,,unspecified,none,,,,false,true,92852989-29a3-43b8-964d-69156334a1d8,1912613697244900,CC5000,<none>,true,+,dynamic calc,<none>,0,,true,+,dynamic calc,<none>,0,,
CC5100,CC5000,5100-Summary - A & G,,false,dynamic calc,false,,<none>,<none>,,,unspecified,none,,,,false,true,0b545e88-ab72-4a65-8ab7-9373f738a255,4297234775950481,CC5100,<none>,true,+,dynamic calc,<none>,0,,true,+,dynamic calc,<none>,0,,
CC5110,CC5100,5110-A & G - Hotel,,false,dynamic calc,false,,<none>,<none>,,,unspecified,none,,,,false,true,0dcddf92-0e82-4e73-b829-9436e683b54a,916743493796322,CC5110,[CC5100].[CC5110],true,+,dynamic calc,<none>,0,,true,+,dynamic calc,<none>,0,,
CC5111,CC5110,5111-A & G - Hotel - On Property,,false,store,false,,<none>,<none>,,,unspecified,none,,,,false,true,d27f9021-23fa-448c-807b-d18b3db22991,995471650406878,CC5111,<none>,true,+,store,<none>,0,,true,+,store,<none>,0,,
CC5112,CC5110,5112-A & G - Hotel - Off Property,,false,store,false,,<none>,<none>,,,unspecified,none,,,,false,true,ad8740ac-d060-490b-b874-8bcafa0ac529,3809488964897395,CC5112,<none>,true,+,store,<none>,0,,true,+,store,<none>,0,,
CC5113,CC5110,5113-A & G - Hotel - Home Office,,false,store,false,,<none>,<none>,,,unspecified,none,,,,false,true,c7d3941f-3ad2-47b8-b045-415511bc203a,1004112674704301,CC5113,<none>,true,+,store,<none>,0,,true,+,store,<none>,0,,
CC5114,CC5110,5114-A & G: HR - Hotel - On Property,,false,store,false,,<none>,<none>,,,unspecified,none,,,,false,true,310646f3-b2ca-4d55-ad9d-f813d1769fba,1346077167798808,CC5114,<none>,true,+,store,<none>,0,,true,+,store,<none>,0,,
CC5115,CC5110,5115-A & G: HR - Hotel - Off Property,,false,store,false,,<none>,<none>,,,unspecified,none,,,,false,true,10f739c9-6575-4ec3-972c-8f2dec857faa,3538347387538574,CC5115,<none>,true,+,store,<none>,0,,true,+,store,<none>,0,,
CC5116,CC5110,5116-A & G: HR - Hotel - Home Office,,false,store,false,,<none>,<none>,,,unspecified,none,,,,false,true,caf57009-d448-45ec-8dfe-a92c745ce8ad,2541840961258279,CC5116,<none>,true,+,store,<none>,0,,true,+,store,<none>,0,,
205111AGH,CC5110,S&A 5111-A & G - Hotel - On Property,,false,store,false,,<none>,<none>,,,unspecified,none,,,,false,true,7a6185ee-44d8-452c-99e9-2e24286e8c12,2258135181380674,205111AGH,[CC5110].[205111AGH],true,+,store,<none>,0,,true,+,store,<none>,0,,
205112AGH,CC5110,S&A 5112-A & G - Hotel - Off Property,,false,store,false,,<none>,<none>,,,unspecified,none,,,,false,true,f8872df8-3ebd-44c8-a18d-ad01978d4cc4,3455730732517487,205112AGH,[CC5110].[205112AGH],true,+,store,<none>,0,,true,+,store,<none>,0,,
205113AGH,CC5110,S&A 5113-A & G - Hotel - Home Office,,false,store,false,,<none>,<none>,,,unspecified,none,,,,false,true,92bd4df3-c77e-4526-b02b-67507ed97dfd,721569818886512,205113AGH,[CC5110].[205113AGH],true,+,store,<none>,0,,true,+,store,<none>,0,,
205114AGH,CC5110,S&A 5114-A & G: HR - Hotel - On Property,,false,store,false,,<none>,<none>,,,unspecified,none,,,,false,true,db38def4-bbad-43b8-89dd-ea7b60924c2a,604648459487008,205114AGH,[CC5110].[205114AGH],true,+,store,<none>,0,,true,+,store,<none>,0,,
205115AGH,CC5110,S&A 5115-A & G: HR - Hotel - Off Property,,false,store,false,,<none>,<none>,,,unspecified,none,,,,false,true,670b2e1d-5d33-465f-a5a2-2a1333601ddd,2550823715294990,205115AGH,[CC5110].[205115AGH],true,+,store,<none>,0,,true,+,store,<none>,0,,
205116AGH,CC5110,S&A 5116-A & G: HR - Hotel - Home Office,,false,store,false,,<none>,<none>,,,unspecified,none,,,,false,true,5c5804a8-8549-4ee5-9b7b-1f52d31fe29c,531581532589742,205116AGH,[CC5110].[205116AGH],true,+,store,<none>,0,,true,+,store,<none>,0,,
CC5120,CC5100,5120-A & G - F & B,,false,dynamic calc,false,,<none>,<none>,,,unspecified,none,,,,false,true,0239e34d-bb87-42bf-97a4-778b0d9c6b46,3490434885240021,CC5120,[CC5100].[CC5120],true,+,dynamic calc,<none>,0,,true,+,dynamic calc,<none>,0,,
CC5121,CC5120,5121-A & G - F & B - On Property,,false,store,false,,<none>,<none>,,,unspecified,none,,,,false,true,32e061ee-cbac-4662-a548-96c9293ef917,946284669914145,CC5121,<none>,true,+,store,<none>,0,,true,+,store,<none>,0,,
CC5122,CC5120,5122-A & G - F & B - Off Property,,false,store,false,,<none>,<none>,,,unspecified,none,,,,false,true,c4639a7d-4c59-4372-bf26-b6a5517fd043,3598035462866709,CC5122,<none>,true,+,store,<none>,0,,true,+,store,<none>,0,,
CC5123,CC5120,5123-A & G - F & B - Home Office,,false,store,false,,<none>,<none>,,,unspecified,none,,,,false,true,3370670b-2db5-43f6-ae88-196792e7610e,4288215671128866,CC5123,<none>,true,+,store,<none>,0,,true,+,store,<none>,0,,
CC5124,CC5120,5124-A & G: HR - F & B - On Property,,false,store,false,,<none>,<none>,,,unspecified,none,,,,false,true,7c1c5f31-5d83-47e0-84a5-d095777ee4ab,1628172113692274,CC5124,<none>,true,+,store,<none>,0,,true,+,store,<none>,0,,
CC5125,CC5120,5125-A & G: HR - F & B - Off Property,,false,store,false,,<none>,<none>,,,unspecified,none,,,,false,true,81f90f2d-824e-4af6-822d-53250a6df000,4142136846140984,CC5125,<none>,true,+,store,<none>,0,,true,+,store,<none>,0,,
CC5126,CC5120,5126-A & G: HR - F & B - Home Office,,false,store,false,,<none>,<none>,,,unspecified,none,,,,false,true,e1778acd-fdbe-4913-9ccc-9dfde0967ac4,1757446903777550,CC5126,<none>,true,+,store,<none>,0,,true,+,store,<none>,0,,
205121AGF,CC5120,S&A 5121-A & G - F & B - On Property,,false,store,false,,<none>,<none>,,,unspecified,none,,,,false,true,bda51437-5cd7-4fc4-ba2c-5b6ef342b5e8,2479585417447489,205121AGF,[CC5120].[205121AGF],true,+,store,<none>,0,,true,+,store,<none>,0,,
205122AGF,CC5120,S&A 5122-A & G - F & B - Off Property,,false,store,false,,<none>,<none>,,,unspecified,none,,,,false,true,bc71283c-6825-4821-8642-9243d3195866,323133558965762,205122AGF,[CC5120].[205122AGF],true,+,store,<none>,0,,true,+,store,<none>,0,,
205123AGF,CC5120,S&A 5123-A & G - F & B - Home Office,,false,store,false,,<none>,<none>,,,unspecified,none,,,,false,true,d5c5b399-c7da-47e3-ad32-dbd9123aabfd,1817595738145244,205123AGF,[CC5120].[205123AGF],true,+,store,<none>,0,,true,+,store,<none>,0,,
205124AGF,CC5120,S&A 5124-A & G: HR - F & B - On Property,,false,store,false,,<none>,<none>,,,unspecified,none,,,,false,true,88e98aac-7dd9-483b-afc0-f903d6275ecc,396783003977430,205124AGF,[CC5120].[205124AGF],true,+,store,<none>,0,,true,+,store,<none>,0,,
205125AGF,CC5120,S&A 5125-A & G: HR - F & B - Off Property,,false,store,false,,<none>,<none>,,,unspecified,none,,,,false,true,8a051c42-6107-472b-957e-8b81c0b606a4,1979844370251842,205125AGF,[CC5120].[205125AGF],true,+,store,<none>,0,,true,+,store,<none>,0,,
205126AGF,CC5120,S&A 5126-A & G: HR - F & B - Home Office,,false,store,false,,<none>,<none>,,,unspecified,none,,,,false,true,da159758-303a-473a-b625-d157ba5e6374,4466896023601428,205126AGF,[CC5120].[205126AGF],true,+,store,<none>,0,,true,+,store,<none>,0,,
CC5200,CC5000,5200-Summary - IT,,false,dynamic calc,false,,<none>,<none>,,,unspecified,none,,,,false,true,5e7b6bef-ff87-4872-8b93-81054c1aea19,1312800651232956,CC5200,<none>,true,+,dynamic calc,<none>,0,,true,+,dynamic calc,<none>,0,,
CC5210,CC5200,5210-IT - Hotel,,false,dynamic calc,false,,<none>,<none>,,,unspecified,none,,,,false,true,b091f4bb-6f12-4444-ba9e-3c81a145760a,371274954329337,CC5210,[CC5200].[CC5210],true,+,dynamic calc,<none>,0,,true,+,dynamic calc,<none>,0,,
CC5211,CC5210,5211-IT - Hotel - On Property,,false,store,false,,<none>,<none>,,,unspecified,none,,,,false,true,bb62f7e3-9cb3-4790-b09b-7894f50c13a3,27321389894455,CC5211,<none>,true,+,store,<none>,0,,true,+,store,<none>,0,,
CC5212,CC5210,5212-IT - Hotel - Off Property,,false,store,false,,<none>,<none>,,,unspecified,none,,,,false,true,f0d8f7c6-5974-4c70-b32a-30fbb80ab2a8,3327498141910289,CC5212,<none>,true,+,store,<none>,0,,true,+,store,<none>,0,,
CC5213,CC5210,5213-IT - Hotel - Home Office,,false,store,false,,<none>,<none>,,,unspecified,none,,,,false,true,340f2963-ef9a-49d6-9f71-b78e735eb4cd,700464289761387,CC5213,<none>,true,+,store,<none>,0,,true,+,store,<none>,0,,
205211ITH,CC5210,S&A 5211-IT - Hotel - On Property,,false,store,false,,<none>,<none>,,,unspecified,none,,,,false,true,17f493a7-0fb2-4537-b645-f2783dffdf6a,3931666340923217,205211ITH,[CC5210].[205211ITH],true,+,store,<none>,0,,true,+,store,<none>,0,,
205212ITH,CC5210,S&A 5212-IT - Hotel - Off Property,,false,store,false,,<none>,<none>,,,unspecified,none,,,,false,true,3a4b976b-9565-4b86-ade0-0564c5ced64d,2851083453941514,205212ITH,[CC5210].[205212ITH],true,+,store,<none>,0,,true,+,store,<none>,0,,
205213ITH,CC5210,S&A 5213-IT - Hotel - Home Office,,false,store,false,,<none>,<none>,,,unspecified,none,,,,false,true,dcda6411-0f05-488b-aa78-52083a47e33b,3507639473619460,205213ITH,[CC5210].[205213ITH],true,+,store,<none>,0,,true,+,store,<none>,0,,
CC5220,CC5200,5220-IT - F & B,,false,dynamic calc,false,,<none>,<none>,,,unspecified,none,,,,false,true,902e2ae7-e3ef-4e72-8599-bddd82e6e3b6,2970601351431051,CC5220,[CC5200].[CC5220],true,+,dynamic calc,<none>,0,,true,+,dynamic calc,<none>,0,,
CC5221,CC5220,5221-IT - F & B - On Property,,false,store,false,,<none>,<none>,,,unspecified,none,,,,false,true,73696288-2552-49fd-bfd7-3e9a6fb9fb85,3190233940642668,CC5221,<none>,true,+,store,<none>,0,,true,+,store,<none>,0,,
CC5222,CC5220,5222-IT - F & B - Off Property,,false,store,false,,<none>,<none>,,,unspecified,none,,,,false,true,b2f009b0-692f-4661-b3d8-ad43954e5a93,2946285177686325,CC5222,<none>,true,+,store,<none>,0,,true,+,store,<none>,0,,
CC5223,CC5220,5223-IT - F & B - Home Office,,false,store,false,,<none>,<none>,,,unspecified,none,,,,false,true,508a3be8-e82e-4a9d-977b-3ad8f2b89fba,4218638310262881,CC5223,<none>,true,+,store,<none>,0,,true,+,store,<none>,0,,
205221ITF,CC5220,S&A 5221-IT - F & B - On Property,,false,store,false,,<none>,<none>,,,unspecified,none,,,,false,true,afbe3486-0f74-486f-bf69-1fe827953f6d,4402227055511408,205221ITF,[CC5220].[205221ITF],true,+,store,<none>,0,,true,+,store,<none>,0,,
205222ITF,CC5220,S&A 5222-IT - F & B - Off Property,,false,store,false,,<none>,<none>,,,unspecified,none,,,,false,true,38299331-cac9-4b31-9796-04e48b0727f1,2142066665145664,205222ITF,[CC5220].[205222ITF],true,+,store,<none>,0,,true,+,store,<none>,0,,
205223ITF,CC5220,S&A 5223-IT - F & B - Home Office,,false,store,false,,<none>,<none>,,,unspecified,none,,,,false,true,a96f56b3-1ce1-44da-9dd0-f036cd4b93bf,506324098696911,205223ITF,[CC5220].[205223ITF],true,+,store,<none>,0,,true,+,store,<none>,0,,
CC5300,CC5000,5300-Summary - S & M,,false,dynamic calc,false,,<none>,<none>,,,unspecified,none,,,,false,true,12138b69-3ca7-4213-9d97-c8c40c2f190c,3896530985829502,CC5300,<none>,true,+,dynamic calc,<none>,0,,true,+,dynamic calc,<none>,0,,
CC5310,CC5300,5310-S & M - Hotel,,false,dynamic calc,false,,<none>,<none>,,,unspecified,none,,,,false,true,e3c7ee76-b04f-4a28-ae5d-2a4cafb5321c,2266756102704271,CC5310,[CC5300].[CC5310],true,+,dynamic calc,<none>,0,,true,+,dynamic calc,<none>,0,,
CC5311,CC5310,5311-S & M - Hotel - On Property,,false,store,false,,<none>,<none>,,,unspecified,none,,,,false,true,53fafb92-06b7-49d0-9c92-892361a963ca,2618812106032740,CC5311,<none>,true,+,store,<none>,0,,true,+,store,<none>,0,,
CC5312,CC5310,5312-S & M - Hotel - Off Property,,false,store,false,,<none>,<none>,,,unspecified,none,,,,false,true,31c28427-ee62-408a-b9f3-167c9168666b,2557651952946108,CC5312,<none>,true,+,store,<none>,0,,true,+,store,<none>,0,,
CC5313,CC5310,5313-S & M - Hotel - Home Office,,false,store,false,,<none>,<none>,,,unspecified,none,,,,false,true,d3b35ef3-827c-400d-ac76-d78572c0616d,1696247479224662,CC5313,<none>,true,+,store,<none>,0,,true,+,store,<none>,0,,
205311SMH,CC5310,S&A 5311-S & M - Hotel - On Property,,false,store,false,,<none>,<none>,,,unspecified,none,,,,false,true,2286218c-3d2d-482f-a105-e4e4d0174e03,1584951495182460,205311SMH,[CC5310].[205311SMH],true,+,store,<none>,0,,true,+,store,<none>,0,,
205312SMH,CC5310,S&A 5312-S & M - Hotel - Off Property,,false,store,false,,<none>,<none>,,,unspecified,none,,,,false,true,cbfc879e-93d2-48ca-8de2-519ef34dfd33,1634984257209510,205312SMH,[CC5310].[205312SMH],true,+,store,<none>,0,,true,+,store,<none>,0,,
205313SMH,CC5310,S&A 5313-S & M - Hotel - Home Office,,false,store,false,,<none>,<none>,,,unspecified,none,,,,false,true,bce63f44-67f5-4419-b575-22670aa20745,1091290906117989,205313SMH,[CC5310].[205313SMH],true,+,store,<none>,0,,true,+,store,<none>,0,,
CC5320,CC5300,5320-S & M - F & B,,false,dynamic calc,false,,<none>,<none>,,,unspecified,none,,,,false,true,a8539ebd-1a51-47d2-869d-27ca95694a86,262866475108240,CC5320,[CC5300].[CC5320],true,+,dynamic calc,<none>,0,,true,+,dynamic calc,<none>,0,,
CC5321,CC5320,5321-S & M - F & B - On Property,,false,store,false,,<none>,<none>,,,unspecified,none,,,,false,true,18f031b2-4687-492c-aa5a-e9f6faee8b44,4410095422292495,CC5321,<none>,true,+,store,<none>,0,,true,+,store,<none>,0,,
CC5322,CC5320,5322-S & M - F & B - Off Property,,false,store,false,,<none>,<none>,,,unspecified,none,,,,false,true,d1ec05b1-e53c-47eb-a132-f5640d221375,4203714213595094,CC5322,<none>,true,+,store,<none>,0,,true,+,store,<none>,0,,
CC5323,CC5320,5323-S & M - F & B - Home Office,,false,store,false,,<none>,<none>,,,unspecified,none,,,,false,true,d3f7118d-5e66-4e2c-ab5c-ad8c861eaec8,2576700374139766,CC5323,<none>,true,+,store,<none>,0,,true,+,store,<none>,0,,
205321SMF,CC5320,S&A 5321-S & M - F & B - On Property,,false,store,false,,<none>,<none>,,,unspecified,none,,,,false,true,2515c953-c7f5-4473-b1bd-f531940f36b2,4085335521053972,205321SMF,[CC5320].[205321SMF],true,+,store,<none>,0,,true,+,store,<none>,0,,
205322SMF,CC5320,S&A 5322-S & M - F & B - Off Property,,false,store,false,,<none>,<none>,,,unspecified,none,,,,false,true,1d6bfc80-0bb4-4c9b-9805-d6660d15551b,3848386220411953,205322SMF,[CC5320].[205322SMF],true,+,store,<none>,0,,true,+,store,<none>,0,,
205323SMF,CC5320,S&A 5323-S & M - F & B - Home Office,,false,store,false,,<none>,<none>,,,unspecified,none,,,,false,true,d3766efd-0c49-49a0-b89f-4b56c0d47c23,2183462938362971,205323SMF,[CC5320].[205323SMF],true,+,store,<none>,0,,true,+,store,<none>,0,,
CC5400,CC5000,5400-Summary - PO & M,,false,dynamic calc,false,,<none>,<none>,,,unspecified,none,,,,false,true,cf16d9e9-e921-4f8c-a97d-2bf65e92ce0b,1173548117150676,CC5400,<none>,true,+,dynamic calc,<none>,0,,true,+,dynamic calc,<none>,0,,
CC5410,CC5400,5410-PO & M - Hotel,,false,dynamic calc,false,,<none>,<none>,,,unspecified,none,,,,false,true,43a230dc-e2a9-46b6-8720-e274056b37d1,582205640231063,CC5410,[CC5400].[CC5410],true,+,dynamic calc,<none>,0,,true,+,dynamic calc,<none>,0,,
CC5411,CC5410,5411-PO & M - Hotel - On Property,,false,store,false,,<none>,<none>,,,unspecified,none,,,,false,true,856261a9-8d78-467e-9a07-4af5f946d48f,318569235959734,CC5411,<none>,true,+,store,<none>,0,,true,+,store,<none>,0,,
CC5412,CC5410,5412-PO & M - Hotel - Off Property,,false,store,false,,<none>,<none>,,,unspecified,none,,,,false,true,a0ae24e6-014b-43c8-8179-ad044d91d043,2414392487855156,CC5412,<none>,true,+,store,<none>,0,,true,+,store,<none>,0,,
CC5413,CC5410,5413-PO & M - Hotel - Home Office,,false,store,false,,<none>,<none>,,,unspecified,none,,,,false,true,6aae8f6e-0254-450d-9bef-0db1258b7dc4,1607653152213869,CC5413,<none>,true,+,store,<none>,0,,true,+,store,<none>,0,,
205411PMH,CC5410,S&A 5411-PO & M - Hotel - On Property,,false,store,false,,<none>,<none>,,,unspecified,none,,,,false,true,0636bf98-1677-40b6-8bb3-b425f2a3c7fa,3450013679306874,205411PMH,[CC5410].[205411PMH],true,+,store,<none>,0,,true,+,store,<none>,0,,
205412PMH,CC5410,S&A 5412-PO & M - Hotel - Off Property,,false,store,false,,<none>,<none>,,,unspecified,none,,,,false,true,fccb5e00-2f25-4509-838c-c477d26fe4f6,2508252694530191,205412PMH,[CC5410].[205412PMH],true,+,store,<none>,0,,true,+,store,<none>,0,,
205413PMH,CC5410,S&A 5413-PO & M - Hotel - Home Office,,false,store,false,,<none>,<none>,,,unspecified,none,,,,false,true,3583ddbc-1ef3-48b5-922e-553fc29fa5de,3107586752007017,205413PMH,[CC5410].[205413PMH],true,+,store,<none>,0,,true,+,store,<none>,0,,
CC5420,CC5400,5420-PO & M - F & B,,false,dynamic calc,false,,<none>,<none>,,,unspecified,none,,,,false,true,5189f2cd-f124-42e8-896e-fbf53717e9b2,4264442910624327,CC5420,[CC5400].[CC5420],true,+,dynamic calc,<none>,0,,true,+,dynamic calc,<none>,0,,
CC5421,CC5420,5421-PO & M - F & B - On Property,,false,store,false,,<none>,<none>,,,unspecified,none,,,,false,true,7b5c0f4d-9343-4835-ada9-bbe2414b16ab,361379827567077,CC5421,<none>,true,+,store,<none>,0,,true,+,store,<none>,0,,
CC5422,CC5420,5422-PO & M - F & B - Off Property,,false,store,false,,<none>,<none>,,,unspecified,none,,,,false,true,2921436a-b851-4257-baf3-38606a3139ac,2504127222333674,CC5422,<none>,true,+,store,<none>,0,,true,+,store,<none>,0,,
CC5423,CC5420,5423-PO & M - F & B - Home Office,,false,store,false,,<none>,<none>,,,unspecified,none,,,,false,true,a969179b-3279-4382-a957-ba86955ae639,3416924319862032,CC5423,<none>,true,+,store,<none>,0,,true,+,store,<none>,0,,
205421PMF,CC5420,S&A 5421-PO & M - F & B - On Property,,false,store,false,,<none>,<none>,,,unspecified,none,,,,false,true,d9201b8c-986d-4a2b-a0e1-f9b5e37f7ff4,1699615354012246,205421PMF,[CC5420].[205421PMF],true,+,store,<none>,0,,true,+,store,<none>,0,,
205422PMF,CC5420,S&A 5422-PO & M - F & B - Off Property,,false,store,false,,<none>,<none>,,,unspecified,none,,,,false,true,43cf396d-1cd0-4a75-983f-2ff69325df72,2009174897020007,205422PMF,[CC5420].[205422PMF],true,+,store,<none>,0,,true,+,store,<none>,0,,
205423PMF,CC5420,S&A 5423-PO & M - F & B - Home Office,,false,store,false,,<none>,<none>,,,unspecified,none,,,,false,true,9db73cee-fe41-4d55-ae47-8a4faaff3320,996034764161818,205423PMF,[CC5420].[205423PMF],true,+,store,<none>,0,,true,+,store,<none>,0,,
CC5500,CC5000,5500-Summary - Utilities,,false,dynamic calc,false,,<none>,<none>,,,unspecified,none,,,,false,true,8f26d414-84cd-429f-a298-95a860609c0a,2672058397115284,CC5500,<none>,true,+,dynamic calc,<none>,0,,true,+,dynamic calc,<none>,0,,
CC5510,CC5500,5510-Utilities - Hotel,,false,dynamic calc,false,,<none>,<none>,,,unspecified,none,,,,false,true,8a809648-6161-4c53-84e3-562e047c704f,1648445739321970,CC5510,[CC5500].[CC5510],true,+,dynamic calc,<none>,0,,true,+,dynamic calc,<none>,0,,
CC5511,CC5510,5511-Utilities - Hotel - On Property,,false,store,false,,<none>,<none>,,,unspecified,none,,,,false,true,7b389e36-7c89-46d8-a64f-b5f10b754617,2038347346168304,CC5511,<none>,true,+,store,<none>,0,,true,+,store,<none>,0,,
CC5512,CC5510,5512-Utilities - Hotel - Off Property,,false,store,false,,<none>,<none>,,,unspecified,none,,,,false,true,269061a3-c263-42a3-b633-f0c4a0206d56,4091526109085765,CC5512,<none>,true,+,store,<none>,0,,true,+,store,<none>,0,,
CC5513,CC5510,5513-Utilities - Hotel - Home Office,,false,store,false,,<none>,<none>,,,unspecified,none,,,,false,true,60a25efa-bd40-4aea-9e1a-3ea3350dac3c,1514492621373489,CC5513,<none>,true,+,store,<none>,0,,true,+,store,<none>,0,,
205511UTH,CC5510,S&A 5511-Utilities - Hotel - On Property,,false,store,false,,<none>,<none>,,,unspecified,none,,,,false,true,77395fe4-6f01-4e9f-bd4d-70d164af4755,663348559170260,205511UTH,[CC5510].[205511UTH],true,+,store,<none>,0,,true,+,store,<none>,0,,
205512UTH,CC5510,S&A 5512-Utilities - Hotel - Off Property,,false,store,false,,<none>,<none>,,,unspecified,none,,,,false,true,aa7f1024-2ecf-43fb-a59e-ccde2df3ac6b,1503324806071634,205512UTH,[CC5510].[205512UTH],true,+,store,<none>,0,,true,+,store,<none>,0,,
205513UTH,CC5510,S&A 5513-Utilities - Hotel - Home Office,,false,store,false,,<none>,<none>,,,unspecified,none,,,,false,true,15ccef2c-d564-4426-85de-38c8888a1124,1423395494446842,205513UTH,[CC5510].[205513UTH],true,+,store,<none>,0,,true,+,store,<none>,0,,
CC5520,CC5500,5520-Utilities - F & B,,false,dynamic calc,false,,<none>,<none>,,,unspecified,none,,,,false,true,fa5d8761-4a80-4da9-8f8c-c522471439b0,3686035329861714,CC5520,[CC5500].[CC5520],true,+,dynamic calc,<none>,0,,true,+,dynamic calc,<none>,0,,
CC5521,CC5520,5521-Utilities - F & B - On Property,,false,store,false,,<none>,<none>,,,unspecified,none,,,,false,true,964ce80a-ce1b-44f1-807d-8343f6e90bf3,2732896414944197,CC5521,<none>,true,+,store,<none>,0,,true,+,store,<none>,0,,
CC5522,CC5520,5522-Utilities - F & B - Off Property,,false,store,false,,<none>,<none>,,,unspecified,none,,,,false,true,c9c2fcc7-a964-454f-a5df-c5de3834a23a,3321939158125066,CC5522,<none>,true,+,store,<none>,0,,true,+,store,<none>,0,,
CC5523,CC5520,5523-Utilities - F & B - Home Office,,false,store,false,,<none>,<none>,,,unspecified,none,,,,false,true,30cb8cd7-f8bb-46d9-8eec-c3860d8b00a0,1015437495714472,CC5523,<none>,true,+,store,<none>,0,,true,+,store,<none>,0,,
205521UTF,CC5520,S&A 5521-Utilities - F & B - On Property,,false,store,false,,<none>,<none>,,,unspecified,none,,,,false,true,d38fba25-01f7-4c8b-9833-52a9b45f28ed,1425422401881835,205521UTF,[CC5520].[205521UTF],true,+,store,<none>,0,,true,+,store,<none>,0,,
205522UTF,CC5520,S&A 5522-Utilities - F & B - Off Property,,false,store,false,,<none>,<none>,,,unspecified,none,,,,false,true,1ca73798-0198-4e06-8598-0d10ad448d22,4081193793636478,205522UTF,[CC5520].[205522UTF],true,+,store,<none>,0,,true,+,store,<none>,0,,
205523UTF,CC5520,S&A 5523-Utilities - F & B - Home Office,,false,store,false,,<none>,<none>,,,unspecified,none,,,,false,true,79c5221d-d334-43b8-ab0f-e7d6ac497ad4,1353362085269048,205523UTF,[CC5520].[205523UTF],true,+,store,<none>,0,,true,+,store,<none>,0,,
CC5600,CC5000,5600-Summary - Management Fees,,false,dynamic calc,false,,<none>,<none>,,,unspecified,none,,,,false,true,8ce697b3-05ee-4722-9377-d0c0d74a922f,631223462871071,CC5600,<none>,true,+,dynamic calc,<none>,0,,true,+,dynamic calc,<none>,0,,
CC5610,CC5600,5610-Management Fees - Hotel,,false,store,false,,<none>,<none>,,,unspecified,none,,,,false,true,0afca261-1049-4c7f-b186-3f3ac919d8cc,225055642766171,CC5610,[CC5600].[CC5610],true,+,store,<none>,0,,true,+,store,<none>,0,,
CC5620,CC5600,5620-Management Fees - F & B,,false,store,false,,<none>,<none>,,,unspecified,none,,,,false,true,c52b8bd7-ac8c-4d13-9a79-35ee70297c1e,569587821201963,CC5620,[CC5600].[CC5620],true,+,store,<none>,0,,true,+,store,<none>,0,,
205610MFH,CC5600,S&A 5610-Management Fees - Hotel,,false,store,false,,<none>,<none>,,,unspecified,none,,,,false,true,69f1763d-fc65-41dd-9432-7ef259672ca8,3798655906957874,205610MFH,[CC5600].[205610MFH],true,+,store,<none>,0,,true,+,store,<none>,0,,
205620MFF,CC5600,S&A 5620-Management Fees - F & B,,false,store,false,,<none>,<none>,,,unspecified,none,,,,false,true,5e1129d6-8dd1-485f-91a8-fdef80ab2759,3785380220651333,205620MFF,[CC5600].[205620MFF],true,+,store,<none>,0,,true,+,store,<none>,0,,
CC6000,CC9999,6000-Summary - Non-Operating,,false,dynamic calc,false,,<none>,<none>,,,unspecified,none,,,,false,true,43bac249-0e4d-4404-b2a6-6225a50ad663,3983036984280322,CC6000,[CC9999].[CC6000],true,+,dynamic calc,<none>,0,,true,+,dynamic calc,<none>,0,,
CC6010,CC6000,Non-Operating Income and Expenses,,false,store,false,,<none>,<none>,,,unspecified,none,,,,false,true,aa630c16-f3ca-4237-b4a0-5fc6781cc33b,833807131100591,CC6010,<none>,true,+,store,<none>,0,,true,+,store,<none>,0,,
CC6100,CC6000,6100-Non-Operating Income and Expenses,,false,store,false,,<none>,<none>,,,unspecified,none,,,,false,true,cde0ec26-775e-455e-b481-3b3c9669bcd1,12002012645449,CC6100,<none>,true,+,store,<none>,0,,true,+,store,<none>,0,,
CC6500,CC6000,"6500-Interest, Depreciation & Amortization",,false,store,false,,<none>,<none>,,,unspecified,none,,,,false,true,aeba0634-b133-49a0-9c3a-ea22e3a38709,4083551780489170,CC6500,<none>,true,+,store,<none>,0,,true,+,store,<none>,0,,
CC6900,CC6000,6900-Income Taxes,,false,store,false,,<none>,<none>,,,unspecified,none,,,,false,true,d923dbf3-7d85-456b-a8d5-c8b8efde4619,1186770469342555,CC6900,<none>,true,+,store,<none>,0,,true,+,store,<none>,0,,
206010NOI,CC6000,S&A 6010 Non-Operating Income and Expenses,,false,store,false,,<none>,<none>,,,unspecified,none,,,,false,true,d173b3bd-6b1e-4971-a139-424dacb180bb,1250091794583405,206010NOI,[CC6000].[206010NOI],true,+,store,<none>,0,,true,+,store,<none>,0,,
206100NOI,CC6000,S&A 6100-Non-Operating Income and Expenses,,false,store,false,,<none>,<none>,,,unspecified,none,,,,false,true,1677d37c-77eb-4efa-bb3f-b1e627058065,260665534990154,206100NOI,[CC6000].[206100NOI],true,+,store,<none>,0,,true,+,store,<none>,0,,
206500IDA,CC6000,"S&A 6500-Interest, Depreciation & Amortization",,false,dynamic calc,false,,<none>,<none>,,,unspecified,none,,,,false,true,75f8820c-72ae-469f-aedf-eda0d609c2cb,1334242152894383,206500IDA,[CC6000].[206500IDA],true,+,dynamic calc,<none>,0,,true,+,dynamic calc,<none>,0,,
206900ITX,CC6000,S&A 6900-Income Taxes,,false,store,false,,<none>,<none>,,,unspecified,none,,,,false,true,3ec32bd3-050a-4045-a7c3-564898275932,2876469813070158,206900ITX,[CC6000].[206900ITX],true,+,store,<none>,0,,true,+,store,<none>,0,,
CC7000,CC9999,7000-Replacement Reserve,,false,store,false,,<none>,<none>,,,unspecified,none,,,,false,true,d5ef0621-6a77-417e-a581-5e35a32b0b34,2312996055894003,CC7000,<none>,true,+,store,<none>,0,,true,+,store,<none>,0,,
CC8000,CC9999,8000-Condo,,false,dynamic calc,false,,<none>,<none>,,,unspecified,none,,,,false,true,cbf0464d-4fe5-486a-9c05-8ded4b7ad212,474829219775373,CC8000,<none>,true,+,dynamic calc,<none>,0,,true,+,dynamic calc,<none>,0,,
CC8100,CC8000,8100-Rooms - Condo,,false,store,false,,<none>,<none>,,,unspecified,none,,,,false,true,4208aa20-9c57-4ce7-b264-ec25da83e3c0,105843340232613,CC8100,<none>,true,+,store,<none>,0,,true,+,store,<none>,0,,
CC8200,CC8000,8200-A&G - Condo,,false,store,false,,<none>,<none>,,,unspecified,none,,,,false,true,ceab94cf-2f43-4f93-9c42-7b0f12f53c54,100226136227884,CC8200,<none>,true,+,store,<none>,0,,true,+,store,<none>,0,,
CC8300,CC8000,8300-IT - Condo,,false,store,false,,<none>,<none>,,,unspecified,none,,,,false,true,12f0b3e5-6691-496a-b86b-b158747a79be,1808340966131941,CC8300,<none>,true,+,store,<none>,0,,true,+,store,<none>,0,,
CC8400,CC8000,8400-S&M - Condo,,false,store,false,,<none>,<none>,,,unspecified,none,,,,false,true,9104a127-eb20-405f-8d71-cb1e487e428b,3565457504946729,CC8400,<none>,true,+,store,<none>,0,,true,+,store,<none>,0,,
CC8500,CC8000,8500-PO & M - Condo,,false,store,false,,<none>,<none>,,,unspecified,none,,,,false,true,f0f0284f-fc26-45eb-9f04-14366bf21490,3187685874943122,CC8500,<none>,true,+,store,<none>,0,,true,+,store,<none>,0,,
CC8600,CC8000,8600-Utilities (Energy Costs) - Condo,,false,store,false,,<none>,<none>,,,unspecified,none,,,,false,true,4bf07b8b-e80f-40ef-b213-c29a87921c5b,264514987183414,CC8600,<none>,true,+,store,<none>,0,,true,+,store,<none>,0,,
CC8700,CC8000,8700-Management Fees - Condo,,false,store,false,,<none>,<none>,,,unspecified,none,,,,false,true,022223fa-6689-4a67-88b7-3ea6479a3740,3512995186034792,CC8700,<none>,true,+,store,<none>,0,,true,+,store,<none>,0,,
CC8800,CC8000,8800-Fixed Expenses - Condo,,false,store,false,,<none>,<none>,,,unspecified,none,,,,false,true,f93c5c7d-eab1-48e7-8fde-af5a4bd0ca87,456361899016396,CC8800,<none>,true,+,store,<none>,0,,true,+,store,<none>,0,,
108100RMC,CC8000,COS 8100-Rooms - Condo,,false,store,false,,<none>,<none>,,,unspecified,none,,,,false,true,8fdd9768-6f4b-479b-966c-54565740ac13,444770584772754,108100RMC,[CC8000].[108100RMC],true,+,store,<none>,0,,true,+,store,<none>,0,,
208200AGC,CC8000,S&A 8200-A&G - Condo,,false,store,false,,<none>,<none>,,,unspecified,none,,,,false,true,89652bec-9d7a-4285-b8f5-557597696ae1,445610438838166,208200AGC,[CC8000].[208200AGC],true,+,store,<none>,0,,true,+,store,<none>,0,,
208300ITC,CC8000,S&A 8300-IT - Condo,,false,store,false,,<none>,<none>,,,unspecified,none,,,,false,true,ea9e6b60-feea-4768-b124-d454c92a2a08,1370447207023963,208300ITC,[CC8000].[208300ITC],true,+,store,<none>,0,,true,+,store,<none>,0,,
208400SMC,CC8000,S&A 8400-S&M - Condo,,false,store,false,,<none>,<none>,,,unspecified,none,,,,false,true,824b00a8-dc63-4a46-bcdf-595d3cf86d86,237463020719073,208400SMC,[CC8000].[208400SMC],true,+,store,<none>,0,,true,+,store,<none>,0,,
208500PMC,CC8000,S&A 8500-PO & M - Condo,,false,store,false,,<none>,<none>,,,unspecified,none,,,,false,true,c83327a1-72fd-4336-8933-c0cbc38c933e,3827158152464903,208500PMC,[CC8000].[208500PMC],true,+,store,<none>,0,,true,+,store,<none>,0,,
208600UTC,CC8000,S&A 8600-Utilities (Energy Costs) - Condo,,false,store,false,,<none>,<none>,,,unspecified,none,,,,false,true,95c0798e-c503-4ffc-91b9-0334592684ab,3546350410091965,208600UTC,[CC8000].[208600UTC],true,+,store,<none>,0,,true,+,store,<none>,0,,
208700MFC,CC8000,S&A 8700-Management Fees - Condo,,false,store,false,,<none>,<none>,,,unspecified,none,,,,false,true,1d5bbac8-882b-49e7-9e6a-7d054b765ece,599112714962887,208700MFC,[CC8000].[208700MFC],true,+,store,<none>,0,,true,+,store,<none>,0,,
208800FEC,CC8000,S&A 8800-Fixed Expenses - Condo,,false,store,false,,<none>,<none>,,,unspecified,none,,,,false,true,714c345e-5926-4d9b-a517-b2fdd6f92b2e,780838287197753,208800FEC,[CC8000].[208800FEC],true,+,store,<none>,0,,true,+,store,<none>,0,,
CC9000,CC9999,9000-Allocations,,false,dynamic calc,false,,<none>,<none>,,,unspecified,none,,,,false,true,8bb110ad-194a-4422-9837-06a993860722,3857606332731171,CC9000,<none>,true,+,dynamic calc,<none>,0,,true,+,dynamic calc,<none>,0,,
CC9100,CC9000,9100-House Laundry,,false,store,false,,<none>,<none>,,,unspecified,none,,,,false,true,ee218624-2677-42ae-96e3-3304dab9ae8f,150960688090555,CC9100,<none>,true,+,store,<none>,0,,true,+,store,<none>,0,,
CC9200,CC9000,9200-Staff Dining,,false,store,false,,<none>,<none>,,,unspecified,none,,,,false,true,664e0638-9a67-4c35-9bb9-4811e4c7032b,242668211490372,CC9200,<none>,true,+,store,<none>,0,,true,+,store,<none>,0,,
CC9990,CC9000,9990-POD/Allocations History Load,,false,store,false,,<none>,<none>,,,unspecified,none,,,,false,true,fc3aa215-f17c-4e3f-b28b-fce99a579786,3120592357573660,CC9990,<none>,true,+,store,<none>,0,,true,+,store,<none>,0,,
109100HLD,CC9000,COS 9100-House Laundry,,false,store,false,,<none>,<none>,,,unspecified,none,,,,false,true,adde1b6e-ee21-4175-b06b-0ea6222a5c6a,1866799216544385,109100HLD,[CC9000].[109100HLD],true,+,store,<none>,0,,true,+,store,<none>,0,,
109200STD,CC9000,COS 9200-Staff Dining,,false,store,false,,<none>,<none>,,,unspecified,none,,,,false,true,39e47221-3677-4aec-bb8a-2a7b2ce61242,1518518602451409,109200STD,[CC9000].[109200STD],true,+,store,<none>,0,,true,+,store,<none>,0,,
209990POD,CC9000,Clearing-POD/Allocations History Load,,false,store,false,,<none>,<none>,,,unspecified,none,,,,false,true,1cefd22d-8402-4566-88d2-05fed6699e76,1447132720680601,209990POD,<none>,true,+,store,<none>,0,,true,+,store,<none>,0,,
207000RPR,CC9999,S&A 7000-Replacement Reserve,,false,store,false,,<none>,<none>,,,unspecified,none,,,,false,true,6f73e3ef-e4ee-42a8-a9bf-b18f2d648e17,3040728118283190,207000RPR,[CC9999].[207000RPR],true,+,store,<none>,0,,true,+,store,<none>,0,,
No CostCenter,Total CostCenter,No CostCenter,,false,store,false,,<none>,<none>,,,unspecified,none,,,,false,true,897f3e90-78ee-44d2-a60a-cd1150b04067,410378587620649,No CostCenter,<none>,true,+,store,<none>,0,,true,+,store,<none>,0,,
HQ Cost Center,CostCenter,HQ Cost Center,,false,dynamic calc,false,,<none>,<none>,,,unspecified,none,,,,false,true,68dd0814-ef74-4dcc-8867-fdf0d55a88dc,2333969285596441,HQ Cost Center,<none>,true,+,dynamic calc,<none>,0,,true,+,dynamic calc,<none>,0,,
COGS,HQ Cost Center,,,false,dynamic calc,false,,<none>,<none>,,,unspecified,none,,,,false,true,624a517e-9a6b-4043-9f74-f229c1d53ab9,497871101773807,COGS,<none>,true,+,dynamic calc,<none>,0,,true,+,dynamic calc,<none>,0,,
Food and Beverage COS,COGS,,,false,dynamic calc,false,,<none>,<none>,,,unspecified,none,,,,false,true,8db7fb1b-523a-4123-a9b1-1825552fef88,1982862867579235,Food and Beverage COS,<none>,true,+,dynamic calc,<none>,0,,true,+,dynamic calc,<none>,0,,
101110HCL,Food and Beverage COS,COS 1110-Club Level,,false,shared,false,,<none>,<none>,,,unspecified,none,,,,false,true,b31e310c-0d77-4216-8e2f-eca2b90b024c,2473892581821496,101110HCL,[Food and Beverage COS].[101110HCL],true,+,shared,<none>,0,,true,+,shared,<none>,0,,
101121HRM,Food and Beverage COS,COS 1121-Rooms - On Property,,false,shared,false,,<none>,<none>,,,unspecified,none,,,,false,true,fbba08a8-a24d-423c-bbd9-132a2e14d958,982062454031754,101121HRM,[Food and Beverage COS].[101121HRM],true,+,shared,<none>,0,,true,+,shared,<none>,0,,
101122HRM,Food and Beverage COS,COS 1122-Rooms - Off Property,,false,shared,false,,<none>,<none>,,,unspecified,none,,,,false,true,d0d60d5c-ef81-4ab3-b403-76c1a56eebce,2756822201616322,101122HRM,[Food and Beverage COS].[101122HRM],true,+,shared,<none>,0,,true,+,shared,<none>,0,,
101123HRM,Food and Beverage COS,COS 1123-Rooms - Home Office,,false,shared,false,,<none>,<none>,,,unspecified,none,,,,false,true,d5a0d14a-2141-41c8-8ecf-b6e6df6799af,4141239524478685,101123HRM,[Food and Beverage COS].[101123HRM],true,+,shared,<none>,0,,true,+,shared,<none>,0,,
101131HRS,Food and Beverage COS,COS 1131-Reservations - On Property,,false,shared,false,,<none>,<none>,,,unspecified,none,,,,false,true,43039ede-b294-43a1-b1c2-ea25e666d29f,828050847780475,101131HRS,[Food and Beverage COS].[101131HRS],true,+,shared,<none>,0,,true,+,shared,<none>,0,,
101132HRS,Food and Beverage COS,COS 1132-Reservations - Off Property,,false,shared,false,,<none>,<none>,,,unspecified,none,,,,false,true,2b4b9fea-79a8-4c6d-b880-e9a87c743c69,2077282990573153,101132HRS,[Food and Beverage COS].[101132HRS],true,+,shared,<none>,0,,true,+,shared,<none>,0,,
101133HRS,Food and Beverage COS,COS 1133-Reservations - Home Office,,false,shared,false,,<none>,<none>,,,unspecified,none,,,,false,true,98d1534e-c7e6-46e3-9e07-5182790131a1,2298640072396380,101133HRS,[Food and Beverage COS].[101133HRS],true,+,shared,<none>,0,,true,+,shared,<none>,0,,
102111FOL,Food and Beverage COS,COS 2111-Outlet Venue 1,,false,shared,false,,<none>,<none>,,,unspecified,none,,,,false,true,fc26f826-4ca6-4a82-afe3-abc9630dae93,2408776671708056,102111FOL,[Food and Beverage COS].[102111FOL],true,+,shared,<none>,0,,true,+,shared,<none>,0,,
102112FOL,Food and Beverage COS,COS 2112-Outlet Venue 2,,false,shared,false,,<none>,<none>,,,unspecified,none,,,,false,true,d4e14100-eb80-46cc-8a85-1038347b4493,2121391221719238,102112FOL,[Food and Beverage COS].[102112FOL],true,+,shared,<none>,0,,true,+,shared,<none>,0,,
102113FOL,Food and Beverage COS,COS 2113-Outlet Venue 3,,false,shared,false,,<none>,<none>,,,unspecified,none,,,,false,true,028399fd-511e-4705-b30f-c3d3c7594f4a,1609501367355705,102113FOL,[Food and Beverage COS].[102113FOL],true,+,shared,<none>,0,,true,+,shared,<none>,0,,
102114FOL,Food and Beverage COS,COS 2114-Outlet Venue 4,,false,shared,false,,<none>,<none>,,,unspecified,none,,,,false,true,35ce272c-1348-4c5b-824d-63af0e377655,487763853462935,102114FOL,[Food and Beverage COS].[102114FOL],true,+,shared,<none>,0,,true,+,shared,<none>,0,,
102115FOL,Food and Beverage COS,COS 2115-Outlet Venue 5,,false,shared,false,,<none>,<none>,,,unspecified,none,,,,false,true,77197aa9-5a5a-4e99-abfa-1bb42d5102b0,2504976486646393,102115FOL,[Food and Beverage COS].[102115FOL],true,+,shared,<none>,0,,true,+,shared,<none>,0,,
102116FOL,Food and Beverage COS,COS 2116-Outlet Venue 6,,false,shared,false,,<none>,<none>,,,unspecified,none,,,,false,true,43f2c335-275e-4c33-acc9-1d8bfed03d59,3752118637840856,102116FOL,[Food and Beverage COS].[102116FOL],true,+,shared,<none>,0,,true,+,shared,<none>,0,,
102121FNB,Food and Beverage COS,COS 2121-Bar Venue 1,,false,shared,false,,<none>,<none>,,,unspecified,none,,,,false,true,6ac2ee26-143f-474e-b3ac-bdb711709692,3328064305056276,102121FNB,[Food and Beverage COS].[102121FNB],true,+,shared,<none>,0,,true,+,shared,<none>,0,,
102122FBV,Food and Beverage COS,COS 2122-Bar Venue 2,,false,shared,false,,<none>,<none>,,,unspecified,none,,,,false,true,63c11213-4b61-4078-be79-d4bcd7421251,462569975070771,102122FBV,[Food and Beverage COS].[102122FBV],true,+,shared,<none>,0,,true,+,shared,<none>,0,,
102123FBV,Food and Beverage COS,COS 2123-Bar Venue 3,,false,shared,false,,<none>,<none>,,,unspecified,none,,,,false,true,1fda494c-36a8-4388-b8ea-f23735d2f401,2138974891821028,102123FBV,[Food and Beverage COS].[102123FBV],true,+,shared,<none>,0,,true,+,shared,<none>,0,,
102124FBV,Food and Beverage COS,COS 2124-Bar Venue 4,,false,shared,false,,<none>,<none>,,,unspecified,none,,,,false,true,5cd4ee33-7e55-484b-b4c0-4ba065525c7a,424688572122001,102124FBV,[Food and Beverage COS].[102124FBV],true,+,shared,<none>,0,,true,+,shared,<none>,0,,
102125FBV,Food and Beverage COS,COS 2125-Bar Venue 5,,false,shared,false,,<none>,<none>,,,unspecified,none,,,,false,true,cde7ea76-50ab-4d4b-9598-de731b55d958,4154536729330172,102125FBV,[Food and Beverage COS].[102125FBV],true,+,shared,<none>,0,,true,+,shared,<none>,0,,
102126FBV,Food and Beverage COS,COS 2126-Bar Venue 6,,false,shared,false,,<none>,<none>,,,unspecified,none,,,,false,true,50062881-035c-4322-a62f-1c2f6c8083ef,4267208483295091,102126FBV,[Food and Beverage COS].[102126FBV],true,+,shared,<none>,0,,true,+,shared,<none>,0,,
102210IRD,Food and Beverage COS,COS In-Room Dining,,false,shared,false,,<none>,<none>,,,unspecified,none,,,,false,true,c5b8f23d-3a1c-4741-8021-7c360ffd610e,858344015809893,102210IRD,[Food and Beverage COS].[102210IRD],true,+,shared,<none>,0,,true,+,shared,<none>,0,,
102410MNB,Food and Beverage COS,COS Mini Bar,,false,shared,false,,<none>,<none>,,,unspecified,none,,,,false,true,11eecc64-abc3-4a5c-9764-cb9e39a4db4f,748558661403202,102410MNB,[Food and Beverage COS].[102410MNB],true,+,shared,<none>,0,,true,+,shared,<none>,0,,
102510FBD,Food and Beverage COS,COS 2510-Bodega,,false,shared,false,,<none>,<none>,,,unspecified,none,,,,false,true,d3a572a8-72d7-4b37-a2ab-1616e9e114ee,2870163868895710,102510FBD,[Food and Beverage COS].[102510FBD],true,+,shared,<none>,0,,true,+,shared,<none>,0,,
102520FGG,Food and Beverage COS,COS 2520-Grab And Go,,false,shared,false,,<none>,<none>,,,unspecified,none,,,,false,true,4f284b18-4e53-4587-9d59-0c3b8b5f2111,300435968248303,102520FGG,[Food and Beverage COS].[102520FGG],true,+,shared,<none>,0,,true,+,shared,<none>,0,,
103110OGF,Food and Beverage COS,COS 3110-Golf Course & Pro Shop,,false,shared,false,,<none>,<none>,,,unspecified,none,,,,false,true,ac001fd2-c38f-465f-9c7c-b017664203aa,3280691219483509,103110OGF,[Food and Beverage COS].[103110OGF],true,+,shared,<none>,0,,true,+,shared,<none>,0,,
103120OHS,Food and Beverage COS,COS 3120-Health Club & Spa,,false,shared,false,,<none>,<none>,,,unspecified,none,,,,false,true,a1d8828b-e62a-4ff9-858f-1679e0a1a422,2901324324620260,103120OHS,[Food and Beverage COS].[103120OHS],true,+,shared,<none>,0,,true,+,shared,<none>,0,,
103130OPK,Food and Beverage COS,COS 3130-Parking,,false,shared,false,,<none>,<none>,,,unspecified,none,,,,false,true,c754575f-f9fc-4b60-9b12-c64cb7483650,1358870731112583,103130OPK,[Food and Beverage COS].[103130OPK],true,+,shared,<none>,0,,true,+,shared,<none>,0,,
103140OTR,Food and Beverage COS,COS 3140-Transportation,,false,shared,false,,<none>,<none>,,,unspecified,none,,,,false,true,3001b871-eea2-4a76-b0b0-69af8f659301,1160013218006225,103140OTR,[Food and Beverage COS].[103140OTR],true,+,shared,<none>,0,,true,+,shared,<none>,0,,
103150OLD,Food and Beverage COS,COS 3150-Laundry,,false,shared,false,,<none>,<none>,,,unspecified,none,,,,false,true,bec054f1-f5d2-4bf0-9c99-e65cea5574fd,695603925893282,103150OLD,[Food and Beverage COS].[103150OLD],true,+,shared,<none>,0,,true,+,shared,<none>,0,,
103160OOR,Food and Beverage COS,COS 3160-Other Recreation,,false,shared,false,,<none>,<none>,,,unspecified,none,,,,false,true,709aa931-ce8f-42dc-92c3-6bab95b4bf0d,473169834361073,103160OOR,[Food and Beverage COS].[103160OOR],true,+,shared,<none>,0,,true,+,shared,<none>,0,,
103170OBC,Food and Beverage COS,COS 3170-Business Center,,false,shared,false,,<none>,<none>,,,unspecified,none,,,,false,true,23c24060-fe60-40d6-a937-a8bedcb9915b,4037911505356549,103170OBC,[Food and Beverage COS].[103170OBC],true,+,shared,<none>,0,,true,+,shared,<none>,0,,
103180ORH,Food and Beverage COS,COS 3180-Retail Shop - Hotel,,false,shared,false,,<none>,<none>,,,unspecified,none,,,,false,true,4fc266ab-d1bf-43e7-9cad-169e439a1f19,2198649627230777,103180ORH,[Food and Beverage COS].[103180ORH],true,+,shared,<none>,0,,true,+,shared,<none>,0,,
103190OOD,Food and Beverage COS,COS 3190-Minor Operated Departments,,false,shared,false,,<none>,<none>,,,unspecified,none,,,,false,true,d2e5895c-121f-4973-8e0f-ac139788bc2f,1197302544289567,103190OOD,[Food and Beverage COS].[103190OOD],true,+,shared,<none>,0,,true,+,shared,<none>,0,,
103210ORF,Food and Beverage COS,COS 3210-Retail Shop - Food & Beverage,,false,shared,false,,<none>,<none>,,,unspecified,none,,,,false,true,a3f45e34-47a8-4ef4-b4af-76d5f3a3679c,2887591363890224,103210ORF,[Food and Beverage COS].[103210ORF],true,+,shared,<none>,0,,true,+,shared,<none>,0,,
104010MIH,Food and Beverage COS,COS Miscellaneous Income - Hotel,,false,shared,false,,<none>,<none>,,,unspecified,none,,,,false,true,febbd68c-88c8-4569-a396-983d90d3d15c,3769606282822442,104010MIH,[Food and Beverage COS].[104010MIH],true,+,shared,<none>,0,,true,+,shared,<none>,0,,
104020MIF,Food and Beverage COS,COS Miscellaneous Income - F &B,,false,shared,false,,<none>,<none>,,,unspecified,none,,,,false,true,17121be4-9669-4294-ab5f-20480acf5305,2408568585604435,104020MIF,[Food and Beverage COS].[104020MIF],true,+,shared,<none>,0,,true,+,shared,<none>,0,,
104100MIH,Food and Beverage COS,COS 4100-Miscellaneous Income - Hotel,,false,shared,false,,<none>,<none>,,,unspecified,none,,,,false,true,3fa7757e-c6fd-4af0-8b76-f2da0643170a,2614194812177960,104100MIH,[Food and Beverage COS].[104100MIH],true,+,shared,<none>,0,,true,+,shared,<none>,0,,
104200MIF,Food and Beverage COS,COS 4200-Miscellaneous Income - F &B,,false,shared,false,,<none>,<none>,,,unspecified,none,,,,false,true,8252a438-6c3e-46b6-a026-c3e7ab11498e,1304635752006267,104200MIF,[Food and Beverage COS].[104200MIF],true,+,shared,<none>,0,,true,+,shared,<none>,0,,
108100RMC,Food and Beverage COS,COS 8100-Rooms - Condo,,false,shared,false,,<none>,<none>,,,unspecified,none,,,,false,true,4c61cd66-c412-4e77-b723-f9301d1a771f,190458347537815,108100RMC,[Food and Beverage COS].[108100RMC],true,+,shared,<none>,0,,true,+,shared,<none>,0,,
109100HLD,Food and Beverage COS,COS 9100-House Laundry,,false,shared,false,,<none>,<none>,,,unspecified,none,,,,false,true,512a4027-b082-4948-8490-dd7af6cdf998,907034658620813,109100HLD,[Food and Beverage COS].[109100HLD],true,+,shared,<none>,0,,true,+,shared,<none>,0,,
109200STD,Food and Beverage COS,COS 9200-Staff Dining,,false,shared,false,,<none>,<none>,,,unspecified,none,,,,false,true,b6ad3f75-51ac-47ac-a7d0-b2d2d14537aa,2039959594681105,109200STD,[Food and Beverage COS].[109200STD],true,+,shared,<none>,0,,true,+,shared,<none>,0,,
Banquet COS,COGS,,,false,dynamic calc,false,,<none>,<none>,,,unspecified,none,,,,false,true,bce8f8a2-82cb-4b7f-946f-b0d37d9716e0,3145835070244834,Banquet COS,<none>,true,+,dynamic calc,<none>,0,,true,+,dynamic calc,<none>,0,,
102301BCS,Banquet COS,COS Banquets Catering & CS,,false,shared,false,,<none>,<none>,,,unspecified,none,,,,false,true,4303d6ed-f6f5-4d9e-beee-17e2a0504d1e,4142356293963088,102301BCS,[Banquet COS].[102301BCS],true,+,shared,<none>,0,,true,+,shared,<none>,0,,
102302BSG,Banquet COS,COS Banquet Sales (Group),,false,shared,false,,<none>,<none>,,,unspecified,none,,,,false,true,44e328cd-c16b-4ef3-81ea-e1c5024ee4e0,4457105252306712,102302BSG,[Banquet COS].[102302BSG],true,+,shared,<none>,0,,true,+,shared,<none>,0,,
102303CSL,Banquet COS,COS Catering Sales (Local),,false,shared,false,,<none>,<none>,,,unspecified,none,,,,false,true,3118e3ed-d70b-473e-a91c-c18681c52e15,35439233679581,102303CSL,[Banquet COS].[102303CSL],true,+,shared,<none>,0,,true,+,shared,<none>,0,,
102310FBC,Banquet COS,COS 2310-Banquets Catering & CS,,false,shared,false,,<none>,<none>,,,unspecified,none,,,,false,true,20b460f7-8113-4c2f-b9a5-5a9d3f1b6a22,294246964349980,102310FBC,[Banquet COS].[102310FBC],true,+,shared,<none>,0,,true,+,shared,<none>,0,,
102320FBS,Banquet COS,COS 2320-Banquet Sales (Group),,false,shared,false,,<none>,<none>,,,unspecified,none,,,,false,true,de28b4e9-1150-44a8-96f6-abf6129b4bc3,3312477123070248,102320FBS,[Banquet COS].[102320FBS],true,+,shared,<none>,0,,true,+,shared,<none>,0,,
102330FCS,Banquet COS,COS 2330-Catering Sales (Local),,false,shared,false,,<none>,<none>,,,unspecified,none,,,,false,true,80245f59-5e4e-4e81-aff3-5ae7a7c44757,3350709382366931,102330FCS,[Banquet COS].[102330FCS],true,+,shared,<none>,0,,true,+,shared,<none>,0,,
SG&A,HQ Cost Center,SG&A,,false,dynamic calc,false,,<none>,<none>,,,unspecified,none,,,,false,true,a12ed8ed-4347-4b4c-a4a9-33f8df65d649,753548849729491,SG&A,<none>,true,+,dynamic calc,<none>,0,,true,+,dynamic calc,<none>,0,,
205111AGH,SG&A,S&A 5111-A & G - Hotel - On Property,,false,shared,false,,<none>,<none>,,,unspecified,none,,,,false,true,e5a64d4d-4981-4a3b-bd1c-36e824a487ef,4259766133214189,205111AGH,[SG&A].[205111AGH],true,+,shared,<none>,0,,true,+,shared,<none>,0,,
205112AGH,SG&A,S&A 5112-A & G - Hotel - Off Property,,false,shared,false,,<none>,<none>,,,unspecified,none,,,,false,true,08dcb2c0-f8b4-407e-b798-bd308a35a7c6,1145844103792297,205112AGH,[SG&A].[205112AGH],true,+,shared,<none>,0,,true,+,shared,<none>,0,,
205113AGH,SG&A,S&A 5113-A & G - Hotel - Home Office,,false,shared,false,,<none>,<none>,,,unspecified,none,,,,false,true,dabe29c8-da88-48eb-a68a-188c241d093c,4388363182755090,205113AGH,[SG&A].[205113AGH],true,+,shared,<none>,0,,true,+,shared,<none>,0,,
205114AGH,SG&A,S&A 5114-A & G: HR - Hotel - On Property,,false,shared,false,,<none>,<none>,,,unspecified,none,,,,false,true,78eb173e-b37a-44e3-91b1-6f9d3b4008e8,1310101216379722,205114AGH,[SG&A].[205114AGH],true,+,shared,<none>,0,,true,+,shared,<none>,0,,
205115AGH,SG&A,S&A 5115-A & G: HR - Hotel - Off Property,,false,shared,false,,<none>,<none>,,,unspecified,none,,,,false,true,4f195d29-268f-4296-a9e7-60dd01f567d1,797483306141684,205115AGH,[SG&A].[205115AGH],true,+,shared,<none>,0,,true,+,shared,<none>,0,,
205116AGH,SG&A,S&A 5116-A & G: HR - Hotel - Home Office,,false,shared,false,,<none>,<none>,,,unspecified,none,,,,false,true,e1534dc6-5b3f-4e2f-8abf-8812baa66bb1,3494252915605574,205116AGH,[SG&A].[205116AGH],true,+,shared,<none>,0,,true,+,shared,<none>,0,,
205121AGF,SG&A,S&A 5121-A & G - F & B - On Property,,false,shared,false,,<none>,<none>,,,unspecified,none,,,,false,true,79f73bd8-2572-40d2-bb6c-5a5ae8146fff,1319288853712362,205121AGF,[SG&A].[205121AGF],true,+,shared,<none>,0,,true,+,shared,<none>,0,,
205122AGF,SG&A,S&A 5122-A & G - F & B - Off Property,,false,shared,false,,<none>,<none>,,,unspecified,none,,,,false,true,88714daf-d702-4591-aaba-dc8669119a40,3067388008089387,205122AGF,[SG&A].[205122AGF],true,+,shared,<none>,0,,true,+,shared,<none>,0,,
205123AGF,SG&A,S&A 5123-A & G - F & B - Home Office,,false,shared,false,,<none>,<none>,,,unspecified,none,,,,false,true,e06bb4ad-b8d5-4035-9ee0-3d8274a9f265,3059511860544590,205123AGF,[SG&A].[205123AGF],true,+,shared,<none>,0,,true,+,shared,<none>,0,,
205124AGF,SG&A,S&A 5124-A & G: HR - F & B - On Property,,false,shared,false,,<none>,<none>,,,unspecified,none,,,,false,true,408b0abb-38d8-4199-98dd-418fd97630b9,55223653584249,205124AGF,[SG&A].[205124AGF],true,+,shared,<none>,0,,true,+,shared,<none>,0,,
205125AGF,SG&A,S&A 5125-A & G: HR - F & B - Off Property,,false,shared,false,,<none>,<none>,,,unspecified,none,,,,false,true,5669a2fb-5e6c-403a-aa30-1517895fbf45,4277765587943945,205125AGF,[SG&A].[205125AGF],true,+,shared,<none>,0,,true,+,shared,<none>,0,,
205126AGF,SG&A,S&A 5126-A & G: HR - F & B - Home Office,,false,shared,false,,<none>,<none>,,,unspecified,none,,,,false,true,2f949a20-34fa-439e-bfdf-a7030510dfb3,947123775819306,205126AGF,[SG&A].[205126AGF],true,+,shared,<none>,0,,true,+,shared,<none>,0,,
205211ITH,SG&A,S&A 5211-IT - Hotel - On Property,,false,shared,false,,<none>,<none>,,,unspecified,none,,,,false,true,4013953c-388a-4065-bcd7-fcc01734f4fd,2402108987165717,205211ITH,[SG&A].[205211ITH],true,+,shared,<none>,0,,true,+,shared,<none>,0,,
205212ITH,SG&A,S&A 5212-IT - Hotel - Off Property,,false,shared,false,,<none>,<none>,,,unspecified,none,,,,false,true,d603096f-a41c-467e-b3fd-25420433aa19,783826404069349,205212ITH,[SG&A].[205212ITH],true,+,shared,<none>,0,,true,+,shared,<none>,0,,
205213ITH,SG&A,S&A 5213-IT - Hotel - Home Office,,false,shared,false,,<none>,<none>,,,unspecified,none,,,,false,true,e5b567a1-fb5a-4894-a619-b25524ae4e7e,2121303766155311,205213ITH,[SG&A].[205213ITH],true,+,shared,<none>,0,,true,+,shared,<none>,0,,
205221ITF,SG&A,S&A 5221-IT - F & B - On Property,,false,shared,false,,<none>,<none>,,,unspecified,none,,,,false,true,5eae21c4-2c2b-4e3a-8ac1-c584de675c25,3296855841916517,205221ITF,[SG&A].[205221ITF],true,+,shared,<none>,0,,true,+,shared,<none>,0,,
205222ITF,SG&A,S&A 5222-IT - F & B - Off Property,,false,shared,false,,<none>,<none>,,,unspecified,none,,,,false,true,1a22e773-677a-4ab6-903f-3b70ebe691ea,2583143449773999,205222ITF,[SG&A].[205222ITF],true,+,shared,<none>,0,,true,+,shared,<none>,0,,
205223ITF,SG&A,S&A 5223-IT - F & B - Home Office,,false,shared,false,,<none>,<none>,,,unspecified,none,,,,false,true,47f8d7ad-4a43-4ef0-adfe-56fb99e68add,3592208313696499,205223ITF,[SG&A].[205223ITF],true,+,shared,<none>,0,,true,+,shared,<none>,0,,
205311SMH,SG&A,S&A 5311-S & M - Hotel - On Property,,false,shared,false,,<none>,<none>,,,unspecified,none,,,,false,true,99f9aaad-070a-47e2-9ec4-e9189443d6f5,1072108877203798,205311SMH,[SG&A].[205311SMH],true,+,shared,<none>,0,,true,+,shared,<none>,0,,
205312SMH,SG&A,S&A 5312-S & M - Hotel - Off Property,,false,shared,false,,<none>,<none>,,,unspecified,none,,,,false,true,b9f4c437-1160-439c-b22a-22404092ad6f,1968910026228507,205312SMH,[SG&A].[205312SMH],true,+,shared,<none>,0,,true,+,shared,<none>,0,,
205313SMH,SG&A,S&A 5313-S & M - Hotel - Home Office,,false,shared,false,,<none>,<none>,,,unspecified,none,,,,false,true,02e996d1-f20e-4bc7-ad0e-91210b9a7c11,879477588706297,205313SMH,[SG&A].[205313SMH],true,+,shared,<none>,0,,true,+,shared,<none>,0,,
205321SMF,SG&A,S&A 5321-S & M - F & B - On Property,,false,shared,false,,<none>,<none>,,,unspecified,none,,,,false,true,5f438961-ff11-4b39-be44-082de2cbb006,1638590039279366,205321SMF,[SG&A].[205321SMF],true,+,shared,<none>,0,,true,+,shared,<none>,0,,
205322SMF,SG&A,S&A 5322-S & M - F & B - Off Property,,false,shared,false,,<none>,<none>,,,unspecified,none,,,,false,true,a0683389-e2c6-42e1-9f2f-7097f1a570cd,1946322319132782,205322SMF,[SG&A].[205322SMF],true,+,shared,<none>,0,,true,+,shared,<none>,0,,
205323SMF,SG&A,S&A 5323-S & M - F & B - Home Office,,false,shared,false,,<none>,<none>,,,unspecified,none,,,,false,true,1fa41257-b840-4d25-962f-068ed1d20973,3899901827499373,205323SMF,[SG&A].[205323SMF],true,+,shared,<none>,0,,true,+,shared,<none>,0,,
205411PMH,SG&A,S&A 5411-PO & M - Hotel - On Property,,false,shared,false,,<none>,<none>,,,unspecified,none,,,,false,true,e536416e-2514-4cfb-8f9a-79ef0ccb7378,1656646977602553,205411PMH,[SG&A].[205411PMH],true,+,shared,<none>,0,,true,+,shared,<none>,0,,
205412PMH,SG&A,S&A 5412-PO & M - Hotel - Off Property,,false,shared,false,,<none>,<none>,,,unspecified,none,,,,false,true,2b99cc7c-d6c4-40ad-9ffe-8e25eb7a0b25,2033975494919181,205412PMH,[SG&A].[205412PMH],true,+,shared,<none>,0,,true,+,shared,<none>,0,,
205413PMH,SG&A,S&A 5413-PO & M - Hotel - Home Office,,false,shared,false,,<none>,<none>,,,unspecified,none,,,,false,true,844f27ee-611e-4dbe-b03a-7e2cda5e873a,2775825400022450,205413PMH,[SG&A].[205413PMH],true,+,shared,<none>,0,,true,+,shared,<none>,0,,
205421PMF,SG&A,S&A 5421-PO & M - F & B - On Property,,false,shared,false,,<none>,<none>,,,unspecified,none,,,,false,true,850cd61f-f358-4afb-9205-d5a0834422a5,3013158456347003,205421PMF,[SG&A].[205421PMF],true,+,shared,<none>,0,,true,+,shared,<none>,0,,
205422PMF,SG&A,S&A 5422-PO & M - F & B - Off Property,,false,shared,false,,<none>,<none>,,,unspecified,none,,,,false,true,af1ebce0-124a-4345-bdf4-bc36027ce03f,3122984564638812,205422PMF,[SG&A].[205422PMF],true,+,shared,<none>,0,,true,+,shared,<none>,0,,
205423PMF,SG&A,S&A 5423-PO & M - F & B - Home Office,,false,shared,false,,<none>,<none>,,,unspecified,none,,,,false,true,8d483816-3d51-40e1-b884-94d4c2527cc7,270693622172028,205423PMF,[SG&A].[205423PMF],true,+,shared,<none>,0,,true,+,shared,<none>,0,,
205511UTH,SG&A,S&A 5511-Utilities - Hotel - On Property,,false,shared,false,,<none>,<none>,,,unspecified,none,,,,false,true,75ec6473-6889-4541-80fe-8baed873042e,2366808588568575,205511UTH,[SG&A].[205511UTH],true,+,shared,<none>,0,,true,+,shared,<none>,0,,
205512UTH,SG&A,S&A 5512-Utilities - Hotel - Off Property,,false,shared,false,,<none>,<none>,,,unspecified,none,,,,false,true,e12fa846-100f-464e-a29b-6222e536da9f,3170885022138418,205512UTH,[SG&A].[205512UTH],true,+,shared,<none>,0,,true,+,shared,<none>,0,,
205513UTH,SG&A,S&A 5513-Utilities - Hotel - Home Office,,false,shared,false,,<none>,<none>,,,unspecified,none,,,,false,true,eefb9c53-50eb-4f22-8bfc-45932f315d03,1371975825703078,205513UTH,[SG&A].[205513UTH],true,+,shared,<none>,0,,true,+,shared,<none>,0,,
205521UTF,SG&A,S&A 5521-Utilities - F & B - On Property,,false,shared,false,,<none>,<none>,,,unspecified,none,,,,false,true,e282e828-9c32-46a6-8fd7-6c186495424a,3523364323609551,205521UTF,[SG&A].[205521UTF],true,+,shared,<none>,0,,true,+,shared,<none>,0,,
205522UTF,SG&A,S&A 5522-Utilities - F & B - Off Property,,false,shared,false,,<none>,<none>,,,unspecified,none,,,,false,true,6daba421-0026-480b-9022-f021e8f4eafb,4023801920637783,205522UTF,[SG&A].[205522UTF],true,+,shared,<none>,0,,true,+,shared,<none>,0,,
205523UTF,SG&A,S&A 5523-Utilities - F & B - Home Office,,false,shared,false,,<none>,<none>,,,unspecified,none,,,,false,true,09d53bb1-fbb2-498b-b9da-d8c4c38ba18d,3804590767033369,205523UTF,[SG&A].[205523UTF],true,+,shared,<none>,0,,true,+,shared,<none>,0,,
205610MFH,SG&A,S&A 5610-Management Fees - Hotel,,false,shared,false,,<none>,<none>,,,unspecified,none,,,,false,true,fb0708c5-b84a-4b7e-b1e1-933888e05046,744281262477054,205610MFH,[SG&A].[205610MFH],true,+,shared,<none>,0,,true,+,shared,<none>,0,,
205620MFF,SG&A,S&A 5620-Management Fees - F & B,,false,shared,false,,<none>,<none>,,,unspecified,none,,,,false,true,eb3cd488-f410-4757-9937-a9b016a9bda6,3471339485284354,205620MFF,[SG&A].[205620MFF],true,+,shared,<none>,0,,true,+,shared,<none>,0,,
206010NOI,SG&A,S&A 6010 Non-Operating Income and Expenses,,false,shared,false,,<none>,<none>,,,unspecified,none,,,,false,true,f18268df-f90c-409e-8ce9-a4ccc1aa76e0,4182062791803882,206010NOI,[SG&A].[206010NOI],true,+,shared,<none>,0,,true,+,shared,<none>,0,,
206100NOI,SG&A,S&A 6100-Non-Operating Income and Expenses,,false,shared,false,,<none>,<none>,,,unspecified,none,,,,false,true,6d94627b-0b41-4e63-a589-16a271308d17,3501692588543605,206100NOI,[SG&A].[206100NOI],true,+,shared,<none>,0,,true,+,shared,<none>,0,,
206500IDA,SG&A,"S&A 6500-Interest, Depreciation & Amortization",,false,shared,false,,<none>,<none>,,,unspecified,none,,,,false,true,ccffdff7-3906-45c3-a6d4-a124738e985d,4367601046015762,206500IDA,[SG&A].[206500IDA],true,+,shared,<none>,0,,true,+,shared,<none>,0,,
206900ITX,SG&A,S&A 6900-Income Taxes,,false,shared,false,,<none>,<none>,,,unspecified,none,,,,false,true,098fff90-9a30-4f26-a504-7059fe4efd98,4320054755019689,206900ITX,[SG&A].[206900ITX],true,+,shared,<none>,0,,true,+,shared,<none>,0,,
207000RPR,SG&A,S&A 7000-Replacement Reserve,,false,shared,false,,<none>,<none>,,,unspecified,none,,,,false,true,b8dbb080-9f1e-4248-9689-0c482539e668,4110865082764115,207000RPR,[SG&A].[207000RPR],true,+,shared,<none>,0,,true,+,shared,<none>,0,,
208200AGC,SG&A,S&A 8200-A&G - Condo,,false,shared,false,,<none>,<none>,,,unspecified,none,,,,false,true,1bec0e8b-dac3-468e-8810-19fe7d04cdb4,3800465402251801,208200AGC,[SG&A].[208200AGC],true,+,shared,<none>,0,,true,+,shared,<none>,0,,
208300ITC,SG&A,S&A 8300-IT - Condo,,false,shared,false,,<none>,<none>,,,unspecified,none,,,,false,true,853a1b50-6bdb-4b4c-8621-8e06a18a0e8f,693042481284752,208300ITC,[SG&A].[208300ITC],true,+,shared,<none>,0,,true,+,shared,<none>,0,,
208400SMC,SG&A,S&A 8400-S&M - Condo,,false,shared,false,,<none>,<none>,,,unspecified,none,,,,false,true,1fda47d6-88ca-45e0-b01a-e7f8de79802b,3772040675935920,208400SMC,[SG&A].[208400SMC],true,+,shared,<none>,0,,true,+,shared,<none>,0,,
208500PMC,SG&A,S&A 8500-PO & M - Condo,,false,shared,false,,<none>,<none>,,,unspecified,none,,,,false,true,c8575671-1aa7-4249-b8af-79c182fd040b,4090753078411958,208500PMC,[SG&A].[208500PMC],true,+,shared,<none>,0,,true,+,shared,<none>,0,,
208600UTC,SG&A,S&A 8600-Utilities (Energy Costs) - Condo,,false,shared,false,,<none>,<none>,,,unspecified,none,,,,false,true,0fc828e9-4bdc-4ed8-976a-634343b57791,1319580828845709,208600UTC,[SG&A].[208600UTC],true,+,shared,<none>,0,,true,+,shared,<none>,0,,
208700MFC,SG&A,S&A 8700-Management Fees - Condo,,false,shared,false,,<none>,<none>,,,unspecified,none,,,,false,true,a2bf94d1-bb60-409d-9052-c80d3fcd1411,1863068795027700,208700MFC,[SG&A].[208700MFC],true,+,shared,<none>,0,,true,+,shared,<none>,0,,
208800FEC,SG&A,S&A 8800-Fixed Expenses - Condo,,false,shared,false,,<none>,<none>,,,unspecified,none,,,,false,true,79fc46e9-7298-4666-8897-30d54dce97d6,3682187396270426,208800FEC,[SG&A].[208800FEC],true,+,shared,<none>,0,,true,+,shared,<none>,0,,
In Service,HQ Cost Center,,,false,dynamic calc,false,,<none>,<none>,,,unspecified,none,,,,false,true,fd8a1ce2-6b03-484a-a5b6-d12d0c5fe763,3021157896176384,In Service,<none>,true,+,dynamic calc,<none>,0,,true,+,dynamic calc,<none>,0,,
Back Office,In Service,,,false,store,false,,<none>,<none>,,,unspecified,none,,,,false,true,cf6c8b64-dc77-424c-95d8-be5b120382a5,3821043451838644,Back Office,<none>,true,+,store,<none>,0,,true,+,store,<none>,0,,
HQ COGS,In Service,,,false,dynamic calc,false,,<none>,<none>,,,unspecified,none,,,,false,true,01dcc741-5a1b-4480-817b-6663d2c0738c,1621855422793644,HQ COGS,<none>,true,+,dynamic calc,<none>,0,,true,+,dynamic calc,<none>,0,,
L7 Chicago Hotel,HQ COGS,,,false,store,false,,<none>,<none>,,,unspecified,none,,,,false,true,e1131123-f069-4d53-8ce4-08ff7b4c422a,2718487731781936,L7 Chicago Hotel,<none>,true,+,store,<none>,0,,true,+,store,<none>,0,,
Restaurant1,HQ COGS,,,false,store,false,,<none>,<none>,,,unspecified,none,,,,false,true,33e55331-1afd-4e45-b8b2-c839647e99eb,3782087452544181,Restaurant1,<none>,true,+,store,<none>,0,,true,+,store,<none>,0,,
Public Area,HQ COGS,,,false,store,false,,<none>,<none>,,,unspecified,none,,,,false,true,0dc066c6-d4eb-4058-b28e-37b7f29d1dcd,2165711830139172,Public Area,<none>,true,+,store,<none>,0,,true,+,store,<none>,0,,
Rooms,HQ COGS,,,false,store,false,,<none>,<none>,,,unspecified,none,,,,false,true,05707a03-52ac-4273-9b04-762f9e46d6a4,3203041429635185,Rooms,<none>,true,+,store,<none>,0,,true,+,store,<none>,0,,
Meeting rooms,HQ COGS,,,false,store,false,,<none>,<none>,,,unspecified,none,,,,false,true,97ed05cf-d14f-4c34-99e7-ecd4c08cf7c2,3091052902501874,Meeting rooms,<none>,true,+,store,<none>,0,,true,+,store,<none>,0,,
Hotel CCs,CostCenter,,,false,never share,false,,<none>,<none>,,,unspecified,none,,,,false,true,28d6282f-d9bf-40e2-8451-ab2570073881,3487580427600558,Hotel CCs,<none>,true,+,never share,<none>,0,,true,+,never share,<none>,0,,
CC1000,Hotel CCs,1000-Summary - Hotel Departments,,false,shared,false,,<none>,<none>,,,unspecified,none,,,,false,true,23a412a9-9b70-4984-bafd-f4be5fb5b058,2732004014113368,CC1000,[Hotel CCs].[CC1000],true,+,shared,<none>,0,,true,+,shared,<none>,0,,
CC2400,Hotel CCs,2400-Mini Bar,,false,shared,false,,<none>,<none>,,,unspecified,none,,,,false,true,66fdac25-9573-4712-ae76-27f1ee93513b,1132059272429969,CC2400,[Hotel CCs].[CC2400],true,+,shared,<none>,0,,true,+,shared,<none>,0,,
CC3100,Hotel CCs,3100-Other Operated Departments - Hotel,,false,shared,false,,<none>,<none>,,,unspecified,none,,,,false,true,7853fdfc-d464-4872-9d81-d9d47bf8fa2f,2748179748309786,CC3100,[Hotel CCs].[CC3100],true,+,shared,<none>,0,,true,+,shared,<none>,0,,
CC4010,Hotel CCs,,,false,shared,false,,<none>,<none>,,,unspecified,none,,,,false,true,79cc420b-8063-425a-80d2-42196f7d99c4,1681265768218741,CC4010,[Hotel CCs].[CC4010],true,+,shared,<none>,0,,true,+,shared,<none>,0,,
CC4100,Hotel CCs,4100-Miscellaneous Income - Hotel,,false,shared,false,,<none>,<none>,,,unspecified,none,,,,false,true,18b36487-a380-4461-8ecc-77e503511bfc,2645841366173936,CC4100,[Hotel CCs].[CC4100],true,+,shared,<none>,0,,true,+,shared,<none>,0,,
CC5110,Hotel CCs,5110-A & G - Hotel,,false,shared,false,,<none>,<none>,,,unspecified,none,,,,false,true,7934517e-141d-4be8-ad8b-9ca275981b51,1344150016446414,CC5110,[Hotel CCs].[CC5110],true,+,shared,<none>,0,,true,+,shared,<none>,0,,
CC5210,Hotel CCs,5210-IT - Hotel,,false,shared,false,,<none>,<none>,,,unspecified,none,,,,false,true,52bd824f-01f7-43fe-874c-d73fc277776d,3500123856520180,CC5210,[Hotel CCs].[CC5210],true,+,shared,<none>,0,,true,+,shared,<none>,0,,
CC5310,Hotel CCs,5310-S & M - Hotel,,false,shared,false,,<none>,<none>,,,unspecified,none,,,,false,true,6b9208f5-8cb4-4dd1-b455-d9ef59225573,102545666033341,CC5310,[Hotel CCs].[CC5310],true,+,shared,<none>,0,,true,+,shared,<none>,0,,
CC5410,Hotel CCs,5410-PO & M - Hotel,,false,shared,false,,<none>,<none>,,,unspecified,none,,,,false,true,f13d97ed-02bd-43f6-97fb-b77d534c749b,1696958049373308,CC5410,[Hotel CCs].[CC5410],true,+,shared,<none>,0,,true,+,shared,<none>,0,,
CC5510,Hotel CCs,5510-Utilities - Hotel,,false,shared,false,,<none>,<none>,,,unspecified,none,,,,false,true,7f327818-de58-400f-9042-ff39f78fd98a,1900440432299086,CC5510,[Hotel CCs].[CC5510],true,+,shared,<none>,0,,true,+,shared,<none>,0,,
CC5610,Hotel CCs,5610-Management Fees - Hotel,,false,shared,false,,<none>,<none>,,,unspecified,none,,,,false,true,06a599a4-46dd-4c00-8ee9-5637b64fcf06,2214636001906660,CC5610,[Hotel CCs].[CC5610],true,+,shared,<none>,0,,true,+,shared,<none>,0,,
CC6000,Hotel CCs,6000-Summary - Non-Operating,,false,shared,false,,<none>,<none>,,,unspecified,none,,,,false,true,67920b17-2e25-46a5-92c4-6872fef870ba,1002675459345733,CC6000,[Hotel CCs].[CC6000],true,+,shared,<none>,0,,true,+,shared,<none>,0,,
104010MIH,Hotel CCs,COS Miscellaneous Income - Hotel,,false,shared,false,,<none>,<none>,,,unspecified,none,,,,false,true,d697b766-10b1-4cfc-9e31-78e998fcb53c,2415968259492763,104010MIH,[Hotel CCs].[104010MIH],true,+,shared,<none>,0,,true,+,shared,<none>,0,,
104100MIH,Hotel CCs,COS 4100-Miscellaneous Income - Hotel,,false,shared,false,,<none>,<none>,,,unspecified,none,,,,false,true,78c68dec-5c88-4efa-8b0d-b5d3ff49d8bf,533339643530319,104100MIH,[Hotel CCs].[104100MIH],true,+,shared,<none>,0,,true,+,shared,<none>,0,,
205610MFH,Hotel CCs,S&A 5610-Management Fees - Hotel,,false,shared,false,,<none>,<none>,,,unspecified,none,,,,false,true,ac3b2b6f-1e5b-4d79-8bc1-5e6fc834798d,4062607025391230,205610MFH,[Hotel CCs].[205610MFH],true,+,shared,<none>,0,,true,+,shared,<none>,0,,
F&B CCs,CostCenter,,,false,never share,false,,<none>,<none>,,,unspecified,none,,,,false,true,7a9c7936-89ae-4796-aef9-df203260b07d,1451845970839410,F&B CCs,<none>,true,+,never share,<none>,0,,true,+,never share,<none>,0,,
CC2000,F&B CCs,2000-Summary - F & B Departments,,false,shared,false,,<none>,<none>,,,unspecified,none,,,,false,true,dbab9c50-adae-4f4b-99ea-975fbf089dc0,219162992003029,CC2000,[F&B CCs].[CC2000],true,+,shared,<none>,0,,true,+,shared,<none>,0,,
CC3200,F&B CCs,3200-Other Operated Departments - F & B,,false,shared,false,,<none>,<none>,,,unspecified,none,,,,false,true,99a552eb-2916-4422-81c0-e7886f64da63,3957638572559539,CC3200,[F&B CCs].[CC3200],true,+,shared,<none>,0,,true,+,shared,<none>,0,,
CC4020,F&B CCs,,,false,shared,false,,<none>,<none>,,,unspecified,none,,,,false,true,4f7adc0f-a1b7-480d-aac1-9dc8971ec63e,2317438024500573,CC4020,[F&B CCs].[CC4020],true,+,shared,<none>,0,,true,+,shared,<none>,0,,
CC4200,F&B CCs,4200-Miscellaneous Income - F &B,,false,shared,false,,<none>,<none>,,,unspecified,none,,,,false,true,8d3ee2f8-a84c-4170-9a86-c664c6e04790,165793674642231,CC4200,[F&B CCs].[CC4200],true,+,shared,<none>,0,,true,+,shared,<none>,0,,
CC5120,F&B CCs,5120-A & G - F & B,,false,shared,false,,<none>,<none>,,,unspecified,none,,,,false,true,f41c3175-2fe0-4f8a-906e-9d2d0811f88f,4292757589674323,CC5120,[F&B CCs].[CC5120],true,+,shared,<none>,0,,true,+,shared,<none>,0,,
CC5220,F&B CCs,5220-IT - F & B,,false,shared,false,,<none>,<none>,,,unspecified,none,,,,false,true,2c16ae7c-97b0-4191-b768-f0591373b637,2305961600434181,CC5220,[F&B CCs].[CC5220],true,+,shared,<none>,0,,true,+,shared,<none>,0,,
CC5320,F&B CCs,5320-S & M - F & B,,false,shared,false,,<none>,<none>,,,unspecified,none,,,,false,true,67cda15d-fa0a-4ec2-bdf3-fcf5fa42e6b6,794558898849477,CC5320,[F&B CCs].[CC5320],true,+,shared,<none>,0,,true,+,shared,<none>,0,,
CC5420,F&B CCs,5420-PO & M - F & B,,false,shared,false,,<none>,<none>,,,unspecified,none,,,,false,true,6b76c05d-ff72-427c-9bd9-4fd4fb92341a,4204744509115544,CC5420,[F&B CCs].[CC5420],true,+,shared,<none>,0,,true,+,shared,<none>,0,,
CC5520,F&B CCs,5520-Utilities - F & B,,false,shared,false,,<none>,<none>,,,unspecified,none,,,,false,true,99afa483-149c-42ec-b7ed-9c54f67cf8bf,3575504712124922,CC5520,[F&B CCs].[CC5520],true,+,shared,<none>,0,,true,+,shared,<none>,0,,
CC5620,F&B CCs,5620-Management Fees - F & B,,false,shared,false,,<none>,<none>,,,unspecified,none,,,,false,true,877ff302-791f-441a-ad8c-42e005bb6ac0,2696795944403601,CC5620,[F&B CCs].[CC5620],true,+,shared,<none>,0,,true,+,shared,<none>,0,,
104020MIF,F&B CCs,COS Miscellaneous Income - F &B,,false,shared,false,,<none>,<none>,,,unspecified,none,,,,false,true,3db5da5c-86be-4ead-9760-a973dd93a802,4257587371983000,104020MIF,[F&B CCs].[104020MIF],true,+,shared,<none>,0,,true,+,shared,<none>,0,,
104200MIF,F&B CCs,COS 4200-Miscellaneous Income - F &B,,false,shared,false,,<none>,<none>,,,unspecified,none,,,,false,true,54fd348f-1e95-45e6-8c3d-926b0c7ade7d,3971375301676662,104200MIF,[F&B CCs].[104200MIF],true,+,shared,<none>,0,,true,+,shared,<none>,0,,
205620MFF,F&B CCs,S&A 5620-Management Fees - F & B,,false,shared,false,,<none>,<none>,,,unspecified,none,,,,false,true,c66bbe0e-bdc9-4b67-80c5-a5eef864baaf,882817310868293,205620MFF,[F&B CCs].[205620MFF],true,+,shared,<none>,0,,true,+,shared,<none>,0,,
